position,driver_number,number_of_laps,points,dnf,dns,dsq,duration,gap_to_leader,meeting_key,session_key,winner,broadcast_name,full_name,name_acronym,team_name,team_colour,first_name,last_name,headshot_url,country_code,race_name,year
1.0,1,51,25.0,False,False,False,4421.143,0,1218,9157,1,M VERSTAPPEN,Max VERSTAPPEN,VER,Red Bull Racing,3671C6,Max,Verstappen,https://www.formula1.com/content/dam/fom-website/drivers/M/MAXVER01_Max_Verstappen/maxver01.png.transform/1col/image.png,NED,Italy,2023
2.0,11,51,18.0,False,False,False,4427.207,6.064,1218,9157,0,S PEREZ,Sergio PEREZ,PER,Red Bull Racing,3671C6,Sergio,Perez,https://www.formula1.com/content/dam/fom-website/drivers/S/SERPER01_Sergio_Perez/serper01.png.transform/1col/image.png,MEX,Italy,2023
3.0,55,51,15.0,False,False,False,4432.336,11.193,1218,9157,0,C SAINZ,Carlos SAINZ,SAI,Ferrari,F91536,Carlos,Sainz,https://www.formula1.com/content/dam/fom-website/drivers/C/CARSAI01_Carlos_Sainz/carsai01.png.transform/1col/image.png,ESP,Italy,2023
4.0,16,51,12.0,False,False,False,4432.52,11.377,1218,9157,0,C LECLERC,Charles LECLERC,LEC,Ferrari,F91536,Charles,Leclerc,https://www.formula1.com/content/dam/fom-website/drivers/C/CHALEC01_Charles_Leclerc/chalec01.png.transform/1col/image.png,MON,Italy,2023
5.0,63,51,10.0,False,False,False,4444.171,23.028,1218,9157,0,G RUSSELL,George RUSSELL,RUS,Mercedes,6CD3BF,George,Russell,https://www.formula1.com/content/dam/fom-website/drivers/G/GEORUS01_George_Russell/georus01.png.transform/1col/image.png,GBR,Italy,2023
6.0,44,51,8.0,False,False,False,4463.822,42.679,1218,9157,0,L HAMILTON,Lewis HAMILTON,HAM,Mercedes,6CD3BF,Lewis,Hamilton,https://www.formula1.com/content/dam/fom-website/drivers/L/LEWHAM01_Lewis_Hamilton/lewham01.png.transform/1col/image.png,GBR,Italy,2023
7.0,23,51,6.0,False,False,False,4466.249,45.106,1218,9157,0,A ALBON,Alexander ALBON,ALB,Williams,37BEDD,Alexander,Albon,https://www.formula1.com/content/dam/fom-website/drivers/A/ALEALB01_Alexander_Albon/alealb01.png.transform/1col/image.png,THA,Italy,2023
8.0,4,51,4.0,False,False,False,4466.592,45.449,1218,9157,0,L NORRIS,Lando NORRIS,NOR,McLaren,F58020,Lando,Norris,https://www.formula1.com/content/dam/fom-website/drivers/L/LANNOR01_Lando_Norris/lannor01.png.transform/1col/image.png,GBR,Italy,2023
9.0,14,51,2.0,False,False,False,4467.437,46.294,1218,9157,0,F ALONSO,Fernando ALONSO,ALO,Aston Martin,358C75,Fernando,Alonso,https://www.formula1.com/content/dam/fom-website/drivers/F/FERALO01_Fernando_Alonso/feralo01.png.transform/1col/image.png,ESP,Italy,2023
10.0,77,51,1.0,False,False,False,4485.199,64.056,1218,9157,0,V BOTTAS,Valtteri BOTTAS,BOT,Alfa Romeo,C92D4B,Valtteri,Bottas,https://www.formula1.com/content/dam/fom-website/drivers/V/VALBOT01_Valtteri_Bottas/valbot01.png.transform/1col/image.png,FIN,Italy,2023
11.0,40,51,0.0,False,False,False,4491.781,70.638,1218,9157,0,L LAWSON,Liam LAWSON,LAW,AlphaTauri,5E8FAA,Liam,Lawson,,NZL,Italy,2023
12.0,81,51,0.0,False,False,False,4494.217,73.074,1218,9157,0,O PIASTRI,Oscar PIASTRI,PIA,McLaren,F58020,Oscar,Piastri,https://www.formula1.com/content/dam/fom-website/drivers/O/OSCPIA01_Oscar_Piastri/oscpia01.png.transform/1col/image.png,AUS,Italy,2023
13.0,2,51,0.0,False,False,False,4499.7,78.557,1218,9157,0,L SARGEANT,Logan SARGEANT,SAR,Williams,37BEDD,Logan,Sargeant,https://www.formula1.com/content/dam/fom-website/drivers/L/LOGSAR01_Logan_Sargeant/logsar01.png.transform/1col/image.png,USA,Italy,2023
14.0,24,51,0.0,False,False,False,4501.307,80.164,1218,9157,0,G ZHOU,ZHOU Guanyu,ZHO,Alfa Romeo,C92D4B,Guanyu,Zhou,https://www.formula1.com/content/dam/fom-website/drivers/G/GUAZHO01_Guanyu_Zhou/guazho01.png.transform/1col/image.png,CHN,Italy,2023
15.0,10,51,0.0,False,False,False,4503.653,82.51,1218,9157,0,P GASLY,Pierre GASLY,GAS,Alpine,2293D1,Pierre,Gasly,https://www.formula1.com/content/dam/fom-website/drivers/P/PIEGAS01_Pierre_Gasly/piegas01.png.transform/1col/image.png,FRA,Italy,2023
16.0,18,51,0.0,False,False,False,4508.409,87.266,1218,9157,0,L STROLL,Lance STROLL,STR,Aston Martin,358C75,Lance,Stroll,https://www.formula1.com/content/dam/fom-website/drivers/L/LANSTR01_Lance_Stroll/lanstr01.png.transform/1col/image.png,CAN,Italy,2023
17.0,27,50,0.0,False,False,False,,+1 LAP,1218,9157,0,N HULKENBERG,Nico HULKENBERG,HUL,Haas F1 Team,B6BABD,Nico,Hulkenberg,https://www.formula1.com/content/dam/fom-website/drivers/N/NICHUL01_Nico_Hulkenberg/nichul01.png.transform/1col/image.png,GER,Italy,2023
18.0,20,50,0.0,False,False,False,,+1 LAP,1218,9157,0,K MAGNUSSEN,Kevin MAGNUSSEN,MAG,Haas F1 Team,B6BABD,Kevin,Magnussen,https://www.formula1.com/content/dam/fom-website/drivers/K/KEVMAG01_Kevin_Magnussen/kevmag01.png.transform/1col/image.png,DEN,Italy,2023
,31,39,0.0,True,False,False,,,1218,9157,0,E OCON,Esteban OCON,OCO,Alpine,2293D1,Esteban,Ocon,https://www.formula1.com/content/dam/fom-website/drivers/E/ESTOCO01_Esteban_Ocon/estoco01.png.transform/1col/image.png,FRA,Italy,2023
,22,0,0.0,False,True,False,,,1218,9157,0,Y TSUNODA,Yuki TSUNODA,TSU,AlphaTauri,5E8FAA,Yuki,Tsunoda,https://www.formula1.com/content/dam/fom-website/drivers/Y/YUKTSU01_Yuki_Tsunoda/yuktsu01.png.transform/1col/image.png,JPN,Italy,2023
