date,session_key,meeting_key,track_temperature,wind_speed,rainfall,humidity,pressure,air_temperature,wind_direction
2025-04-05T05:46:59.270000+00:00,10002,1256,35.4,4.5,0,57.0,1013.3,14.7,151
2025-04-05T05:47:59.349000+00:00,10002,1256,35.3,3.5,0,58.0,1013.3,14.7,150
2025-04-05T05:48:59.299000+00:00,10002,1256,35.3,4.1,0,58.0,1013.4,14.7,141
2025-04-05T05:49:59.279000+00:00,10002,1256,35.5,3.0,0,58.0,1013.3,14.7,149
2025-04-05T05:50:59.288000+00:00,10002,1256,35.5,3.3,0,57.0,1013.3,14.8,121
2025-04-05T05:51:59.298000+00:00,10002,1256,35.5,2.0,0,57.0,1013.3,14.7,146
2025-04-05T05:52:59.300000+00:00,10002,1256,35.5,3.2,0,55.0,1013.3,14.8,135
2025-04-05T05:53:59.329000+00:00,10002,1256,34.9,3.0,0,55.0,1013.3,14.9,134
2025-04-05T05:54:59.352000+00:00,10002,1256,34.9,3.5,0,56.0,1013.3,14.9,126
2025-04-05T05:55:59.337000+00:00,10002,1256,34.7,3.6,0,57.0,1013.3,14.9,147
2025-04-05T05:56:59.403000+00:00,10002,1256,34.5,3.4,0,57.0,1013.2,14.9,138
2025-04-05T05:57:59.357000+00:00,10002,1256,34.5,4.8,0,57.0,1013.2,14.9,130
2025-04-05T05:58:59.364000+00:00,10002,1256,33.9,4.0,0,56.0,1013.3,14.9,132
2025-04-05T05:59:59.395000+00:00,10002,1256,33.8,3.8,0,57.0,1013.2,14.9,148
2025-04-05T06:00:59.396000+00:00,10002,1256,33.9,3.3,0,58.0,1013.3,14.8,149
2025-04-05T06:01:59.412000+00:00,10002,1256,33.9,3.8,0,57.0,1013.3,14.8,132
2025-04-05T06:02:59.412000+00:00,10002,1256,33.7,4.1,0,58.0,1013.3,14.8,138
2025-04-05T06:03:59.429000+00:00,10002,1256,33.9,2.4,0,58.0,1013.3,14.8,124
2025-04-05T06:04:59.429000+00:00,10002,1256,33.9,2.4,0,58.0,1013.3,14.8,124
2025-04-05T06:05:59.445000+00:00,10002,1256,34.0,3.1,0,58.0,1013.4,14.7,154
2025-04-05T06:06:59.430000+00:00,10002,1256,33.7,3.3,0,57.0,1013.4,14.7,125
2025-04-05T06:07:59.430000+00:00,10002,1256,33.7,3.3,0,57.0,1013.4,14.8,125
2025-04-05T06:08:59.446000+00:00,10002,1256,33.9,2.7,0,58.0,1013.4,14.7,120
2025-04-05T06:09:59.447000+00:00,10002,1256,33.9,2.4,0,58.0,1013.3,14.7,152
2025-04-05T06:10:59.448000+00:00,10002,1256,33.9,2.4,0,58.0,1013.3,14.8,152
2025-04-05T06:11:59.448000+00:00,10002,1256,33.9,0.9,0,57.0,1013.4,14.8,94
2025-04-05T06:12:59.448000+00:00,10002,1256,33.6,2.7,0,56.0,1013.3,14.9,131
2025-04-05T06:13:59.443000+00:00,10002,1256,33.6,2.7,0,56.0,1013.3,14.8,131
2025-04-05T06:14:59.434000+00:00,10002,1256,33.6,2.8,0,58.0,1013.3,14.8,148
2025-04-05T06:15:59.482000+00:00,10002,1256,33.7,3.8,0,57.0,1013.2,14.8,149
2025-04-05T06:16:59.451000+00:00,10002,1256,33.7,3.8,0,57.0,1013.2,14.9,149
2025-04-05T06:17:59.451000+00:00,10002,1256,33.9,2.1,0,59.0,1013.4,14.8,129
2025-04-05T06:18:59.441000+00:00,10002,1256,33.7,2.7,0,58.0,1013.3,14.9,155
2025-04-05T06:19:59.465000+00:00,10002,1256,33.4,1.9,0,58.0,1013.3,14.8,148
2025-04-05T06:20:59.481000+00:00,10002,1256,33.0,1.8,0,58.0,1013.4,14.9,130
2025-04-05T06:21:59.503000+00:00,10002,1256,33.0,2.7,0,58.0,1013.3,14.9,136
2025-04-05T06:22:59.503000+00:00,10002,1256,33.0,2.5,0,58.0,1013.3,14.8,150
2025-04-05T06:23:59.504000+00:00,10002,1256,32.8,2.4,0,57.0,1013.4,14.9,147
2025-04-05T06:24:59.520000+00:00,10002,1256,32.8,3.2,0,58.0,1013.3,14.9,141
2025-04-05T06:25:59.552000+00:00,10002,1256,32.8,2.9,0,58.0,1013.3,14.8,122
2025-04-05T06:26:59.561000+00:00,10002,1256,32.7,3.1,0,59.0,1013.3,14.8,143
2025-04-05T06:27:59.561000+00:00,10002,1256,32.5,3.9,0,59.0,1013.4,14.8,124
2025-04-05T06:28:59.562000+00:00,10002,1256,32.3,3.1,0,59.0,1013.4,14.9,139
2025-04-05T06:29:59.594000+00:00,10002,1256,32.1,2.5,0,59.0,1013.3,14.7,121
2025-04-05T06:30:59.579000+00:00,10002,1256,32.1,2.6,0,59.0,1013.3,14.8,146
2025-04-05T06:31:59.563000+00:00,10002,1256,31.8,1.8,0,58.0,1013.3,14.7,132
2025-04-05T06:32:59.580000+00:00,10002,1256,31.8,2.0,0,59.0,1013.3,14.7,105
2025-04-05T06:33:59.580000+00:00,10002,1256,31.8,2.9,0,59.0,1013.3,14.6,136
2025-04-05T06:34:59.581000+00:00,10002,1256,31.7,2.7,0,59.0,1013.2,14.7,120
2025-04-05T06:35:59.581000+00:00,10002,1256,31.7,1.9,0,60.0,1013.3,14.6,161
2025-04-05T06:36:59.582000+00:00,10002,1256,31.8,2.8,0,59.0,1013.4,14.6,143
2025-04-05T06:37:59.582000+00:00,10002,1256,31.7,3.0,0,59.0,1013.3,14.6,150
2025-04-05T06:38:59.583000+00:00,10002,1256,31.3,3.2,0,59.0,1013.2,14.8,108
2025-04-05T06:39:59.583000+00:00,10002,1256,31.1,3.1,0,59.0,1013.3,14.8,130
2025-04-05T06:40:59.590000+00:00,10002,1256,31.0,3.5,0,59.0,1013.2,14.7,148
2025-04-05T06:41:59.591000+00:00,10002,1256,31.0,2.9,0,60.0,1013.3,14.6,126
2025-04-05T06:42:59.591000+00:00,10002,1256,31.0,3.7,0,60.0,1013.4,14.6,158
2025-04-05T06:43:59.592000+00:00,10002,1256,31.0,3.8,0,60.0,1013.3,14.6,149
2025-04-05T06:44:59.595000+00:00,10002,1256,30.8,3.5,0,60.0,1013.3,14.6,144
2025-04-05T06:45:59.596000+00:00,10002,1256,30.7,3.4,0,60.0,1013.3,14.6,126
2025-04-05T06:46:59.596000+00:00,10002,1256,30.6,3.7,0,60.0,1013.3,14.6,151
2025-04-05T06:47:59.597000+00:00,10002,1256,30.4,3.0,0,59.0,1013.3,14.6,147
2025-04-05T06:48:59.582000+00:00,10002,1256,30.1,2.4,0,60.0,1013.4,14.7,137
2025-04-05T06:49:59.598000+00:00,10002,1256,30.1,1.9,0,61.0,1013.3,14.7,147
2025-04-05T06:50:59.598000+00:00,10002,1256,30.3,2.7,0,60.0,1013.3,14.7,143
2025-04-05T06:51:59.599000+00:00,10002,1256,30.2,3.1,0,59.0,1013.3,14.7,148
2025-04-05T06:52:59.599000+00:00,10002,1256,30.1,3.5,0,60.0,1013.3,14.7,123
2025-04-05T06:53:59.609000+00:00,10002,1256,30.0,3.0,0,60.0,1013.3,14.7,149
2025-04-05T06:54:59.638000+00:00,10002,1256,30.0,3.4,0,59.0,1013.3,14.7,126
2025-04-05T06:55:59.631000+00:00,10002,1256,29.9,2.5,0,60.0,1013.2,14.7,128
2025-04-05T06:56:59.632000+00:00,10002,1256,29.8,1.8,0,60.0,1013.3,14.7,146
2025-04-05T06:57:59.654000+00:00,10002,1256,29.5,2.8,0,60.0,1013.2,14.6,151
2025-04-05T06:58:59.645000+00:00,10002,1256,29.5,3.2,0,60.0,1013.3,14.5,156
2025-04-05T06:59:59.646000+00:00,10002,1256,29.4,4.4,0,60.0,1013.2,14.4,150
2025-04-05T07:00:59.646000+00:00,10002,1256,29.3,3.2,0,61.0,1013.2,14.4,152
2025-04-05T07:01:59.647000+00:00,10002,1256,29.1,2.4,0,61.0,1013.2,14.3,151
2025-04-05T07:02:59.663000+00:00,10002,1256,29.1,1.4,0,61.0,1013.2,14.3,144
2025-04-05T07:03:59.679000+00:00,10002,1256,29.1,2.7,0,60.0,1013.2,14.3,148
2025-04-05T07:04:59.695000+00:00,10002,1256,29.0,3.0,0,60.0,1013.3,14.3,144
2025-04-05T07:05:59.696000+00:00,10002,1256,28.8,3.4,0,60.0,1013.3,14.3,155
2025-04-05T07:06:59.699000+00:00,10002,1256,28.7,3.6,0,60.0,1013.2,14.4,149
2025-04-05T07:07:59.715000+00:00,10002,1256,28.8,3.2,0,61.0,1013.2,14.4,121
2025-04-05T07:08:59.716000+00:00,10002,1256,28.8,2.8,0,61.0,1013.2,14.4,150
2025-04-05T07:09:59.707000+00:00,10002,1256,28.8,2.5,0,61.0,1013.2,14.4,149
2025-04-05T07:10:59.723000+00:00,10002,1256,28.6,2.9,0,61.0,1013.1,14.3,143
