meeting_key,session_key,stint_number,driver_number,lap_start,lap_end,compound,tyre_age_at_start
1276,9833,1,30,1,5,MEDIUM,0
1276,9833,1,10,1,11,MEDIUM,0
1276,9833,1,23,1,12,MEDIUM,0
1276,9833,1,43,1,9,HARD,0
1276,9833,1,18,1,7,MEDIUM,0
1276,9833,1,22,1,5,MEDIUM,0
1276,9833,1,44,1,12,MEDIUM,0
1276,9833,1,12,1,6,MEDIUM,0
1276,9833,1,55,1,10,MEDIUM,0
1276,9833,1,16,1,7,MEDIUM,0
1276,9833,1,14,1,5,MEDIUM,0
1276,9833,1,4,1,9,MEDIUM,0
1276,9833,1,87,1,3,SOFT,0
1276,9833,1,1,1,8,MEDIUM,0
1276,9833,1,5,1,9,MEDIUM,0
1276,9833,1,27,1,7,HARD,0
1276,9833,1,31,1,6,SOFT,0
1276,9833,1,63,1,9,MEDIUM,0
1276,9833,1,81,1,10,MEDIUM,0
1276,9833,1,6,1,7,SOFT,0
1276,9833,2,87,4,9,SOFT,3
1276,9833,2,30,6,11,MEDIUM,5
1276,9833,2,14,6,11,MEDIUM,5
1276,9833,2,22,6,9,MEDIUM,5
1276,9833,2,12,7,9,MEDIUM,6
1276,9833,2,31,7,12,SOFT,6
1276,9833,2,16,8,12,MEDIUM,7
1276,9833,2,18,8,12,MEDIUM,7
1276,9833,3,22,10,12,MEDIUM,9
1276,9833,2,1,9,11,SOFT,0
1276,9833,2,6,8,10,SOFT,0
1276,9833,2,55,11,16,SOFT,0
1276,9833,2,27,8,10,SOFT,0
1276,9833,3,30,12,17,SOFT,0
1276,9833,2,63,10,14,SOFT,0
1276,9833,3,12,10,12,SOFT,0
1276,9833,2,23,13,15,SOFT,0
1276,9833,2,4,10,12,SOFT,0
1276,9833,2,5,10,12,SOFT,0
1276,9833,3,87,10,12,SOFT,0
1276,9833,3,16,13,15,SOFT,0
1276,9833,2,81,11,13,SOFT,0
1276,9833,2,43,10,15,SOFT,0
1276,9833,2,10,12,17,SOFT,0
1276,9833,3,18,13,15,SOFT,0
1276,9833,4,22,13,17,SOFT,0
1276,9833,3,27,11,13,SOFT,3
1276,9833,3,14,12,18,SOFT,0
1276,9833,2,44,13,15,SOFT,0
1276,9833,3,6,11,22,SOFT,3
1276,9833,3,23,16,18,SOFT,3
1276,9833,3,4,13,15,SOFT,3
1276,9833,3,1,12,28,MEDIUM,8
1276,9833,3,5,13,15,SOFT,3
1276,9833,4,12,13,15,SOFT,0
1276,9833,4,87,13,15,SOFT,3
1276,9833,4,16,16,17,SOFT,3
1276,9833,3,81,14,16,SOFT,3
1276,9833,3,31,13,16,SOFT,0
1276,9833,4,18,16,20,SOFT,3
1276,9833,3,44,16,18,SOFT,3
1276,9833,3,55,17,24,SOFT,6
1276,9833,3,63,15,29,MEDIUM,0
1276,9833,4,27,14,22,HARD,7
1276,9833,4,30,18,32,MEDIUM,11
1276,9833,5,16,18,31,MEDIUM,12
1276,9833,4,31,17,19,SOFT,4
1276,9833,4,23,19,32,MEDIUM,12
1276,9833,5,12,16,29,MEDIUM,9
1276,9833,4,5,16,25,MEDIUM,9
1276,9833,4,4,16,25,MEDIUM,9
1276,9833,5,87,16,28,SOFT,6
1276,9833,4,81,17,25,MEDIUM,10
1276,9833,3,43,16,28,HARD,9
1276,9833,3,10,18,30,MEDIUM,11
1276,9833,5,22,18,29,MEDIUM,12
1276,9833,4,44,19,29,MEDIUM,12
1276,9833,4,14,19,27,MEDIUM,11
1276,9833,5,18,21,29,MEDIUM,12
1276,9833,5,31,20,27,SOFT,12
1276,9833,4,55,25,31,MEDIUM,10
1276,9833,4,6,23,29,SOFT,7
1276,9833,5,27,23,28,SOFT,6
1276,9833,4,1,29,31,SOFT,0
1276,9833,5,81,26,29,SOFT,6
1276,9833,5,4,26,28,SOFT,6
1276,9833,5,5,26,28,SOFT,0
