meeting_key,session_key,driver_number,lap_number,date_start,duration_sector_1,duration_sector_2,duration_sector_3,i1_speed,i2_speed,is_pit_out_lap,lap_duration,segments_sector_1,segments_sector_2,segments_sector_3,st_speed
1275,9841,1,1,,,29.783,26.131,243.0,262,True,,"[2064, 2064, 2051, 2051, 2051, 2049, 2049, 2051, 2051]","[2051, 2051, 2051, 2049, 2051, 2049, 2049]","[2049, 2049, 2051, 2051, 2051, 2051, 2051]",130
1275,9841,10,1,2025-11-28T17:30:07.596000+00:00,,31.396,27.557,223.0,263,True,,"[2064, 2064, 2049, 2049, 2049, 2049, 2049, 2049, 2049]","[2049, 2049, 2049, 2049, 2049, 2049, 2049]","[2049, 2049, 2049, 2049, 2049, 2049, 2049]",103
1275,9841,22,1,2025-11-28T17:30:13.784000+00:00,,29.982,28.893,232.0,267,True,,"[2064, 2064, 2049, 2049, 2049, 2049, 2049, 2049, 2049]","[2049, 2049, 2049, 2051, 2049, 2051, 2051]","[2049, 2049, 2049, 2049, 2049, 2049, 2049]",76
1275,9841,16,1,2025-11-28T17:30:17.440000+00:00,,30.982,25.888,221.0,266,True,,"[2064, 2064, 2049, 2049, 2049, 2049, 2049, 2049, 2049]","[2049, 2049, 2049, 2049, 2049, 2049, 2049]","[2051, 2051, 2051, 2051, 2049, 2049, 2049]",44
1275,9841,44,1,2025-11-28T17:30:32.247000+00:00,,32.631,26.411,216.0,261,True,,"[2064, 2064, 2049, 2049, 2049, 2049, 2049, 2049, 2049]","[2049, 2049, 2049, 2049, 2049, 2049, 2049]","[2049, 2049, 2049, 2049, 2049, 2049, 2049, 2049]",77
1275,9841,55,1,2025-11-28T17:30:38.057000+00:00,,31.451,28.209,227.0,267,True,,"[2064, 2064, 2049, 2049, 2049, 2049, 2049, 2049, 2049]","[2049, 2049, 2049, 2049, 2049, 2049, 2049]","[2049, 2049, 2049, 2051, 2049, 2049, 2049, 2049]",54
1275,9841,31,1,2025-11-28T17:30:45.747000+00:00,,31.759,26.33,223.0,261,True,,"[2064, 2064, 2049, 2049, 2049, 2049, 2049, 2049, 2049]","[2049, 2049, 2049, 2049, 2049, 2049, 2049]","[2049, 2049, 2049, 2049, 2049, 2049, 2049, 2051]",90
1275,9841,87,1,2025-11-28T17:30:56.591000+00:00,,30.476,26.332,226.0,263,True,,"[2064, 2064, 2049, 2049, 2049, 2049, 2049, 2049, 2049]","[2049, 2049, 2049, 2049, 2049, 2049, 2049]","[2049, 2049, 2049, 2049, 2049, 2049, 2049, 2049]",93
1275,9841,43,1,2025-11-28T17:30:58.461000+00:00,,32.026,29.332,227.0,261,True,,"[2064, 2064, 2049, 2049, 2049, 2049, 2049, 2049, 2049]","[2049, 2049, 2049, 2049, 2049, 2049, 2049]","[2049, 2049, 2049, 2049, 2049, 2049, 2049, 2049]",105
1275,9841,6,1,2025-11-28T17:31:09.118000+00:00,,33.436,28.631,233.0,259,True,,"[2064, 2064, 2049, 2049, 2049, 2049, 2049, 2049, 2049]","[2049, 2049, 2049, 2049, 2049, 2049, 2049]","[2049, 2049, 2049, 2049, 2049, 2049, 2049, 2049]",127
1275,9841,23,1,2025-11-28T17:31:17.362000+00:00,,34.016,27.949,211.0,134,True,,"[2064, 2064, 2049, 2049, 2049, 2049, 2049, 2049, 2049]","[2049, 2049, 2049, 2049, 2049, 2049, 2049]","[2049, 2049, 2049, 2049, 2049, 2049, 2049, 2049]",62
1275,9841,4,1,2025-11-28T17:31:26.371000+00:00,,31.077,32.366,218.0,267,True,,"[2064, 2064, 2049, 2049, 2049, 2049, 2049, 2049, 2049]","[2049, 2049, 2049, 2049, 2049, 2049, 2049]","[2049, 2049, 2049, 2049, 2049, 2049, 2049]",102
1275,9841,1,2,2025-11-28T17:31:32.684000+00:00,30.286,27.98,23.992,247.0,289,False,82.258,"[2049, 2049, 2049, 2051, 2049, 2049, 2049, 2051, 2049]","[2049, 2049, 2049, 2049, 2049, 2049, 2051]","[2051, 2051, 2051, 2051, 2051, 2051, 2048, 2049]",317
1275,9841,81,1,2025-11-28T17:31:33.707000+00:00,,38.698,27.143,114.0,269,True,,"[2064, 2064, 2049, 2049, 2049, 2049, 2049, 2049, 2049]","[2049, 2049, 2049, 2049, 2049, 2049, 2049]","[2049, 2049, 2049, 2049, 2049, 2049, 2049, 2049]",97
1275,9841,10,2,2025-11-28T17:31:45.083000+00:00,30.947,28.385,24.503,246.0,286,False,83.835,"[2049, 2049, 2049, 2049, 2049, 2049, 2049, 2049, 2049]","[2049, 2049, 2049, 2049, 2049, 2049, 2049]","[2049, 2049, 2049, 2049, 2049, 2049, 2049, 2049]",320
1275,9841,27,1,2025-11-28T17:31:45.385000+00:00,,34.312,30.242,229.0,270,True,,"[2064, 2064, 2049, 2049, 2049, 2049, 2049, 2049, 2049]","[2049, 2049, 2049, 2049, 2049, 2049, 2049]","[2049, 2049, 2049, 2049, 2049, 2049, 2049]",155
1275,9841,5,1,2025-11-28T17:31:51.806000+00:00,,33.593,28.879,225.0,267,True,,"[2064, 2064, 2049, 2049, 2049, 2049, 2049, 2049, 2049]","[2049, 2049, 2049, 2049, 2049, 2049, 2049]","[2049, 2049, 2049, 2049, 2049, 2049, 2049, 2049]",124
1275,9841,22,2,2025-11-28T17:31:52.046000+00:00,30.444,28.122,24.127,247.0,288,False,82.693,"[2049, 2049, 2049, 2049, 2049, 2049, 2049, 2049, 2049]","[2049, 2049, 2049, 2049, 2049, 2049, 2049]","[2049, 2049, 2049, 2049, 2051, 2051, 2049]",320
1275,9841,18,1,2025-11-28T17:31:57.347000+00:00,,30.327,27.475,221.0,266,True,,"[2064, 2064, 2049, 2049, 2049, 2049, 2049, 2049, 2049]","[2049, 2049, 2049, 2049, 2049, 2049, 2049]","[2049, 2049, 2049, 2049, 2049, 2049, 2049]",85
1275,9841,16,2,2025-11-28T17:32:00.057000+00:00,30.428,27.785,24.14,251.0,290,False,82.353,"[2049, 2049, 2049, 2049, 2049, 2049, 2051, 2049, 2051]","[2049, 2049, 2049, 2051, 2051, 2049, 2051]","[2051, 2051, 2049, 2049, 2049, 2049, 2051, 2051]",321
1275,9841,14,1,2025-11-28T17:32:09.609000+00:00,,33.91,26.978,113.0,275,True,,"[2064, 2064, 2049, 2049, 2049, 2049, 2049, 2049, 2049]","[2049, 2049, 2049, 2049, 2049, 2049, 2049]","[2049, 2049, 2049, 2049, 2049, 2049, 2049]",117
1275,9841,44,2,2025-11-28T17:32:11.766000+00:00,30.838,28.1,24.405,247.0,288,False,83.343,"[2049, 2049, 2049, 2049, 2049, 2049, 2049, 2049, 2049]","[2049, 2049, 2049, 2049, 2049, 2049, 2049]","[2049, 2049, 2049, 2049, 2049, 2049, 2049, 2049]",316
1275,9841,55,2,2025-11-28T17:32:18.594000+00:00,30.645,28.03,24.38,246.0,288,False,83.055,"[2049, 2049, 2049, 2049, 2049, 2049, 2049, 2049, 2049]","[2049, 2049, 2049, 2049, 2049, 2049, 2049]","[2049, 2049, 2049, 2049, 2049, 2049, 2049]",321
1275,9841,31,2,2025-11-28T17:32:26.359000+00:00,30.443,27.937,24.439,245.0,291,False,82.819,"[2049, 2049, 2049, 2049, 2049, 2049, 2049, 2049, 2049]","[2049, 2051, 2049, 2049, 2049, 2049, 2051]","[2049, 2049, 2049, 2049, 2049, 2049, 2048, 2048]",322
1275,9841,87,2,2025-11-28T17:32:33.762000+00:00,30.359,28.021,24.23,250.0,290,False,82.61,"[2049, 2049, 2049, 2049, 2049, 2049, 2049, 2049, 2049]","[2049, 2049, 2049, 2049, 2049, 2049, 2049]","[2049, 2049, 2049, 2049, 2049, 2049, 2049, 2049]",321
1275,9841,43,2,2025-11-28T17:32:39.877000+00:00,30.823,28.258,24.69,246.0,286,False,83.771,"[2049, 2049, 2049, 2049, 2049, 2049, 2049, 2049, 2049]","[2049, 2049, 2049, 2049, 2049, 2049, 2049]","[2049, 2049, 2049, 2049, 2049, 2049, 2049]",323
1275,9841,6,2,2025-11-28T17:32:46.689000+00:00,30.279,27.545,24.163,250.0,287,False,81.987,"[2049, 2049, 2049, 2049, 2049, 2049, 2049, 2049, 2049]","[2051, 2049, 2051, 2049, 2049, 2049, 2049]","[2049, 2049, 2049, 2049, 2051, 2049, 2048, 2048]",323
1275,9841,1,3,2025-11-28T17:32:55.118000+00:00,58.336,38.768,27.487,154.0,160,False,124.591,"[2048, 2048, 2048, 2048, 2048, 2048, 2048, 2048, 2048]","[2048, 2048, 2048, 2048, 2048, 2048, 2048]","[2048, 2048, 2048, 2048, 2048, 2048, 2048, 2051]",76
1275,9841,30,1,2025-11-28T17:32:57.357000+00:00,,30.356,28.151,235.0,264,True,,"[2064, 2064, 2049, 2049, 2049, 2049, 2049, 2049, 2049]","[2049, 2049, 2049, 2049, 2049, 2049, 2049]","[2049, 2049, 2049, 2049, 2049, 2049, 2049, 2049]",123
1275,9841,23,2,2025-11-28T17:32:59.330000+00:00,30.237,27.721,24.184,250.0,289,False,82.142,"[2049, 2049, 2049, 2049, 2049, 2049, 2049, 2049, 2049]","[2049, 2049, 2049, 2049, 2049, 2051, 2049]","[2049, 2049, 2049, 2049, 2049, 2049, 2049]",321
1275,9841,10,3,2025-11-28T17:33:08.910000+00:00,57.887,38.374,29.744,210.0,169,False,126.005,"[2048, 2048, 2048, 2048, 2048, 2048, 2048, 2048, 2048]","[2048, 2048, 2048, 2048, 2048, 2048, 2048]","[2048, 2048, 2048, 2048, 2048, 2048, 2048, 2048]",45
1275,9841,4,2,2025-11-28T17:33:10.191000+00:00,29.978,27.663,23.98,252.0,290,False,81.621,"[2051, 2051, 2049, 2049, 2049, 2049, 2049, 2051, 2051]","[2049, 2049, 2049, 2049, 2049, 2049, 2049]","[2051, 2051, 2049, 2049, 2049, 2051, 2051, 2051]",324
1275,9841,22,3,2025-11-28T17:33:16.097000+00:00,57.773,38.226,30.872,170.0,254,False,126.871,"[2048, 2048, 2048, 2048, 2048, 2048, 2048, 2048, 2048]","[2048, 2048, 2048, 2048, 2048, 2048, 2048]","[2048, 2048, 2048, 2048, 2048, 2048, 2049, 2049]",54
1275,9841,81,2,2025-11-28T17:33:21.129000+00:00,30.191,27.661,23.961,252.0,290,False,81.813,"[2049, 2049, 2049, 2049, 2049, 2051, 2051, 2049, 2049]","[2049, 2049, 2049, 2051, 2049, 2049, 2049]","[2049, 2049, 2049, 2049, 2049, 2049, 2051]",324
1275,9841,16,3,2025-11-28T17:33:22.504000+00:00,53.955,38.547,32.651,121.0,259,False,125.153,"[2048, 2048, 2048, 2048, 2048, 2048, 2048, 2048, 2048]","[2048, 2048, 2048, 2048, 2048, 2048, 2048]","[2048, 2048, 2048, 2048, 2048, 2048, 2048, 2048]",70
1275,9841,27,2,2025-11-28T17:33:24.104000+00:00,30.359,27.87,24.33,250.0,288,False,82.559,"[2049, 2049, 2049, 2049, 2049, 2049, 2049, 2049, 2049]","[2049, 2049, 2049, 2049, 2049, 2049, 2049]","[2049, 2049, 2049, 2049, 2049, 2049, 2049, 2048]",325
1275,9841,5,2,2025-11-28T17:33:29.374000+00:00,30.295,27.773,24.251,251.0,288,False,82.319,"[2049, 2049, 2049, 2049, 2049, 2049, 2049, 2049, 2049]","[2049, 2049, 2049, 2049, 2049, 2049, 2049]","[2049, 2049, 2049, 2049, 2049, 2051, 2049, 2049]",322
1275,9841,18,2,2025-11-28T17:33:33.348000+00:00,30.838,27.91,24.418,243.0,288,False,83.166,"[2049, 2049, 2051, 2049, 2049, 2049, 2049, 2049, 2049]","[2049, 2049, 2049, 2049, 2049, 2049, 2049]","[2049, 2049, 2049, 2049, 2049, 2049, 2049, 2049]",326
1275,9841,44,3,2025-11-28T17:33:35.145000+00:00,45.136,35.065,37.233,193.0,244,False,117.434,"[2048, 2048, 2048, 2048, 2048, 2048, 2048, 2048, 2048]","[2048, 2048, 2048, 2048, 2048, 2048, 2048]","[2048, 2048, 2048, 2048, 2048, 2048, 2048, 2048]",169
1275,9841,55,3,2025-11-28T17:33:41.618000+00:00,49.958,39.2,29.471,174.0,225,False,118.629,"[2048, 2048, 2048, 2048, 2048, 2048, 2048, 2048, 2048]","[2048, 2048, 2048, 2048, 2048, 2048, 2048]","[2048, 2048, 2048, 2048, 2048, 2048, 2048, 2049]",101
1275,9841,14,2,2025-11-28T17:33:46.810000+00:00,30.147,27.79,23.972,251.0,288,False,81.909,"[2049, 2049, 2049, 2049, 2051, 2049, 2049, 2049, 2049]","[2049, 2049, 2049, 2049, 2049, 2049, 2049]","[2049, 2049, 2049, 2049, 2051, 2051, 2048]",324
1275,9841,31,3,2025-11-28T17:33:49.279000+00:00,46.071,37.719,33.073,189.0,202,False,116.863,"[2048, 2048, 2048, 2048, 2048, 2048, 2048, 2048, 2048]","[2048, 2048, 2048, 2048, 2048, 2048, 2048]","[2048, 2048, 2048, 2048, 2048, 2048, 2048, 2048]",101
1275,9841,87,3,2025-11-28T17:33:56.310000+00:00,56.658,35.935,31.011,171.0,259,False,123.604,"[2048, 2048, 2048, 2048, 2048, 2048, 2048, 2048, 2048]","[2048, 2048, 2048, 2048, 2048, 2048, 2048]","[2048, 2048, 2048, 2048, 2048, 2048, 2048, 2049]",107
1275,9841,43,3,2025-11-28T17:34:03.513000+00:00,52.984,37.249,32.937,176.0,259,False,123.17,"[2048, 2048, 2048, 2048, 2048, 2048, 2048, 2048, 2048]","[2048, 2048, 2048, 2048, 2048, 2048, 2048]","[2048, 2048, 2048, 2048, 2048, 2048, 2048, 2048]",113
1275,9841,6,3,2025-11-28T17:34:08.482000+00:00,53.148,37.655,34.719,105.0,231,False,125.522,"[2048, 2048, 2048, 2048, 2048, 2048, 2048, 2048, 2048]","[2048, 2048, 2048, 2048, 2048, 2048, 2048]","[2048, 2048, 2048, 2048, 2048, 2048, 2048, 2048]",38
1275,9841,23,3,2025-11-28T17:34:21.357000+00:00,54.786,41.224,28.558,144.0,115,False,124.568,"[2048, 2048, 2048, 2048, 2048, 2048, 2048, 2048, 2048]","[2048, 2048, 2048, 2048, 2048, 2048, 2048]","[2048, 2048, 2048, 2048, 2048, 2048, 2049, 2049]",67
1275,9841,4,3,2025-11-28T17:34:32.022000+00:00,53.022,36.573,30.816,197.0,246,False,120.411,"[2048, 2048, 2048, 2048, 2048, 2048, 2048, 2048, 2048]","[2048, 2048, 2048, 2048, 2048, 2048, 2048]","[2048, 2048, 2048, 2048, 2048, 2048, 2048, 2048]",96
1275,9841,12,1,2025-11-28T17:34:32.787000+00:00,,30.886,28.169,227.0,273,True,,"[2064, 2064, 2049, 2049, 2049, 2049, 2049, 2049, 2049]","[2049, 2049, 2049, 2049, 2049, 2049, 2049]","[2049, 2049, 2049, 2049, 2049, 2049, 2049, 2049]",134
1275,9841,30,2,2025-11-28T17:34:33.022000+00:00,30.373,27.876,24.172,250.0,287,False,82.421,"[2049, 2049, 2049, 2049, 2049, 2049, 2049, 2049, 2049]","[2049, 2049, 2049, 2049, 2049, 2049, 2049]","[2049, 2049, 2049, 2049, 2049, 2049, 2049]",321
1275,9841,63,1,2025-11-28T17:34:39.615000+00:00,,31.761,29.526,211.0,269,True,,"[2064, 2064, 2049, 2049, 2049, 2049, 2049, 2049, 2049]","[2049, 2049, 2049, 2049, 2049, 2049, 2049]","[2049, 2049, 2049, 2049, 2049, 2049, 2049, 2049]",145
1275,9841,81,3,2025-11-28T17:34:42.287000+00:00,55.303,37.719,36.154,184.0,192,False,129.176,"[2048, 2048, 2048, 2048, 2048, 2048, 2048, 2048, 2048]","[2048, 2048, 2048, 2048, 2048, 2048, 2048]","[2048, 2048, 2048, 2048, 2048, 2048, 2048, 2049]",87
1275,9841,27,3,2025-11-28T17:34:46.756000+00:00,48.607,37.784,31.459,181.0,141,False,117.85,"[2048, 2048, 2048, 2048, 2048, 2048, 2048, 2048, 2048]","[2048, 2048, 2048, 2048, 2048, 2048, 2048]","[2048, 2048, 2048, 2048, 2048, 2048, 2049, 2051]",192
1275,9841,5,3,2025-11-28T17:34:51.694000+00:00,43.367,44.923,40.839,179.0,134,False,129.129,"[2048, 2048, 2048, 2048, 2048, 2048, 2048, 2048, 2048]","[2048, 2048, 2048, 2048, 2048, 2048, 2048]","[2048, 2048, 2048, 2048, 2048, 2048, 2048, 2048]",215
1275,9841,18,3,2025-11-28T17:34:56.647000+00:00,47.485,42.726,38.99,83.0,234,False,129.201,"[2048, 2048, 2048, 2048, 2048, 2048, 2048, 2048, 2048]","[2048, 2048, 2048, 2048, 2048, 2048, 2048]","[2048, 2048, 2048, 2048, 2048, 2048, 2048, 2048]",243
1275,9841,1,4,2025-11-28T17:34:59.631000+00:00,29.879,27.78,23.835,253.0,290,False,81.494,"[2049, 2051, 2051, 2048, 2049, 2049, 2051, 2051, 2049]","[2049, 2049, 2049, 2049, 2049, 2049, 2049]","[2049, 2049, 2051, 2051, 2051, 2049]",327
1275,9841,14,3,2025-11-28T17:35:08.725000+00:00,46.692,38.149,35.236,208.0,262,False,120.077,"[2048, 2048, 2048, 2048, 2048, 2048, 2048, 2048, 2048]","[2048, 2048, 2048, 2048, 2048, 2048, 2048]","[2048, 2048, 2048, 2048, 2048, 2048, 2048, 2049]",209
1275,9841,10,4,2025-11-28T17:35:16.319000+00:00,30.317,27.93,24.053,248.0,287,False,82.3,"[2049, 2049, 2049, 2049, 2049, 2049, 2049, 2049, 2049]","[2049, 2049, 2049, 2049, 2049, 2049, 2049]","[2049, 2049, 2049, 2049, 2049, 2049, 2048]",324
1275,9841,22,4,2025-11-28T17:35:21.896000+00:00,30.072,27.827,24.031,251.0,289,False,81.93,"[2049, 2049, 2049, 2049, 2049, 2049, 2049, 2049, 2049]","[2049, 2049, 2049, 2049, 2049, 2049, 2049]","[2049, 2049, 2049, 2048, 2049, 2048, 2049]",325
1275,9841,16,4,2025-11-28T17:35:27.685000+00:00,30.208,27.778,24.004,252.0,290,False,81.99,"[2049, 2049, 2049, 2049, 2049, 2049, 2049, 2048, 2051]","[2048, 2051, 2049, 2049, 2048, 2048, 2048]","[2048, 2049, 2049, 2049, 2049, 2049, 2048, 2048]",325
1275,9841,44,4,2025-11-28T17:35:32.632000+00:00,30.191,27.846,24.573,251.0,288,False,82.61,"[2049, 2049, 2049, 2049, 2049, 2049, 2049, 2049, 2049]","[2049, 2049, 2049, 2049, 2049, 2049, 2049]","[2049, 2049, 2049, 2048, 2048, 2049, 2049, 2049]",322
1275,9841,55,4,2025-11-28T17:35:40.377000+00:00,30.138,27.741,24.104,247.0,289,False,81.983,"[2049, 2049, 2049, 2049, 2049, 2049, 2049, 2049, 2049]","[2049, 2049, 2049, 2049, 2049, 2049, 2049]","[2049, 2049, 2049, 2049, 2049, 2048, 2051]",325
1275,9841,31,4,2025-11-28T17:35:46.064000+00:00,30.158,27.736,24.173,250.0,291,False,82.067,"[None, 2049, 2049, 2049, 2049, 2049, 2049, 2049, 2049]","[2049, 2048, 2049, 2049, 2049, 2049, 2051]","[2049, 2049, 2049, 2049, 2049, 2049, 2049, 2049]",325
1275,9841,30,3,2025-11-28T17:35:55.580000+00:00,36.818,35.236,48.589,211.0,228,False,120.643,"[2048, 2048, 2048, 2048, 2048, 2048, 2048, 2048, 2048]","[2048, 2048, 2048, 2048, 2048, 2048, 2048]","[2048, 2048, 2048, 2048, 2048, 2048, 2064, 2064]",303
1275,9841,87,4,2025-11-28T17:35:59.955000+00:00,30.045,27.739,24.325,251.0,290,False,82.109,"[2049, 2049, 2049, 2049, 2049, 2049, 2049, 2049, 2049]","[2049, 2049, 2049, 2048, 2049, 2048, 2048]","[2048, 2049, 2049, 2049, 2049, 2048, 2048]",325
1275,9841,43,4,2025-11-28T17:36:06.893000+00:00,30.735,28.141,24.289,244.0,287,False,83.165,"[None, 2049, 2049, 2049, 2048, 2048, 2049, 2049, 2048]","[2049, 2049, 2049, 2048, 2048, 2049, 2049]","[2049, 2049, 2049, 2049, 2049, 2049, 2049, 2049]",325
1275,9841,12,2,2025-11-28T17:36:08.471000+00:00,38.007,30.416,27.078,230.0,272,False,95.501,"[2049, 2049, 2049, 2049, 2049, 2049, 2048, 2048, 2048]","[2049, 2049, 2049, 2049, 2049, 2049, 2049]","[2048, 2049, 2049, 2049, 2049, 2049, 2049, 2049]",310
1275,9841,6,4,2025-11-28T17:36:14.064000+00:00,30.058,46.17,31.791,248.0,144,False,108.019,"[2049, 2049, 2049, 2049, 2049, 2049, 2049, 2049, 2048]","[2048, 2048, 2048, 2048, 2048, 2048, 2048]","[2048, 2048, 2048, 2048, 2048, 2048, 2048, 2048]",325
1275,9841,63,2,2025-11-28T17:36:17.233000+00:00,38.203,34.304,27.774,127.0,148,False,100.281,"[2049, 2049, 2049, 2049, 2049, 2049, 2048, 2048, 2048]","[2048, 2048, 2048, 2048, 2048, 2049, 2048]","[2048, 2048, 2049, 2049, 2049, 2049, 2049]",293
1275,9841,1,5,2025-11-28T17:36:21.184000+00:00,56.795,34.867,31.933,182.0,262,False,123.595,"[2048, 2048, 2048, 2048, 2048, 2048, 2048, 2048, 2048]","[2048, 2048, 2048, 2048, 2048, 2048, 2048]","[2048, 2048, 2048, 2048, 2048, 2048, 2048, 2048]",106
1275,9841,23,4,2025-11-28T17:36:26.019000+00:00,30.098,27.652,24.209,250.0,289,False,81.959,"[2049, 2049, 2049, 2049, 2049, 2051, 2049, 2048, 2049]","[2049, 2049, 2049, 2048, 2049, 2048, 2048]","[2049, 2049, 2049, 2048, 2048, 2049, 2048]",324
1275,9841,4,4,2025-11-28T17:36:32.332000+00:00,29.857,27.783,23.758,254.0,290,False,81.398,"[None, 2048, 2049, 2049, 2049, 2049, 2049, 2051, 2049]","[2048, 2048, 2048, 2048, 2049, 2048, 2049]","[2051, 2051, 2049, 2051, 2049, 2051, 2051, 2051]",325
1275,9841,10,5,2025-11-28T17:36:37.192000+00:00,56.692,35.975,30.411,195.0,258,False,123.078,"[2048, 2048, 2048, 2048, 2048, 2048, 2048, 2048, 2048]","[2048, 2048, 2048, 2048, 2048, 2048, 2048]","[2048, 2048, 2048, 2048, 2048, 2048, 2048, 2048]",85
1275,9841,22,5,2025-11-28T17:36:43.536000+00:00,59.701,36.434,33.188,188.0,234,False,129.323,"[2048, 2048, 2048, 2048, 2048, 2048, 2048, 2048, 2048]","[2048, 2048, 2048, 2048, 2048, 2048, 2048]","[2048, 2048, 2048, 2048, 2048, 2048, 2048, 2048]",98
1275,9841,27,4,2025-11-28T17:36:46.473000+00:00,30.024,27.691,24.055,251.0,288,False,81.77,"[2049, 2049, 2048, 2049, 2049, 2049, 2049, 2049, 2049]","[2049, 2049, 2049, 2049, 2049, 2048, 2048]","[2049, 2049, 2049, 2049, 2049, 2049, 2048]",324
1275,9841,16,5,2025-11-28T17:36:49.567000+00:00,54.325,36.48,32.386,205.0,231,False,123.191,"[2048, 2048, 2048, 2048, 2048, 2048, 2048, 2048, 2048]","[2048, 2048, 2048, 2048, 2048, 2048, 2048]","[2048, 2048, 2048, 2048, 2048, 2048, 2048, 2048]",164
1275,9841,81,4,2025-11-28T17:36:51.551000+00:00,29.833,27.596,23.857,255.0,291,False,81.286,"[2049, 2049, 2049, 2049, 2049, 2048, 2048, 2049, 2051]","[2048, 2049, 2048, 2048, 2049, 2049, 2051]","[2049, 2049, 2048, 2049, 2051, 2049, 2049, 2048]",326
1275,9841,44,5,2025-11-28T17:36:55.192000+00:00,52.31,33.649,31.932,180.0,243,False,117.891,"[2048, 2048, 2048, 2048, 2048, 2048, 2048, 2048, 2048]","[2048, 2048, 2048, 2048, 2048, 2048, 2048]","[2048, 2048, 2048, 2048, 2048, 2048, 2048, 2048]",115
1275,9841,5,4,2025-11-28T17:37:01.004000+00:00,29.975,27.729,24.05,252.0,288,False,81.754,"[2049, 2049, 2049, 2049, 2049, 2049, 2049, 2049, 2049]","[2049, 2049, 2048, 2048, 2049, 2048, 2049]","[2049, 2049, 2049, 2049, 2049, 2048, 2048, 2048]",322
1275,9841,55,5,2025-11-28T17:37:02.223000+00:00,52.663,36.016,34.064,187.0,194,False,122.743,"[2048, 2048, 2048, 2048, 2048, 2048, 2048, 2048, 2048]","[2048, 2048, 2048, 2048, 2048, 2048, 2048]","[2048, 2048, 2048, 2048, 2048, 2048, 2048, 2048]",64
1275,9841,18,4,2025-11-28T17:37:05.817000+00:00,30.144,27.854,24.177,249.0,287,False,82.175,"[2049, 2049, 2049, 2049, 2049, 2049, 2049, 2049, 2049]","[2049, 2049, 2048, 2048, 2049, 2048, 2048]","[2049, 2049, 2049, 2049, 2049, 2048, 2048]",326
1275,9841,31,5,2025-11-28T17:37:08.114000+00:00,50.407,36.189,34.248,211.0,206,False,120.844,"[None, 2048, 2048, 2048, 2048, 2048, 2048, 2048, 2048]","[2048, 2048, 2048, 2048, 2048, 2048, 2048]","[2048, 2048, 2048, 2048, 2048, 2048, 2048, 2048]",70
1275,9841,14,4,2025-11-28T17:37:08.817000+00:00,34.682,34.872,31.081,202.0,254,False,100.635,"[2051, 2051, 2051, 2048, 2048, 2048, 2048, 2048, 2048]","[2048, 2048, 2048, 2048, 2048, 2048, 2048]","[2048, 2048, 2048, 2048, 2048, 2048, 2049, 2048]",330
1275,9841,87,5,2025-11-28T17:37:22.036000+00:00,50.401,36.984,33.991,125.0,260,False,121.376,"[2048, 2048, 2048, 2048, 2048, 2048, 2048, 2048, 2048]","[2048, 2048, 2048, 2048, 2048, 2048, 2048]","[2048, 2048, 2048, 2048, 2048, 2048, 2048, 2048]",158
1275,9841,43,5,2025-11-28T17:37:29.973000+00:00,56.637,38.117,32.659,111.0,256,False,127.413,"[None, 2048, 2048, 2048, 2048, 2048, 2048, 2048, 2048]","[2048, 2048, 2048, 2048, 2048, 2048, 2048]","[2048, 2048, 2048, 2048, 2048, 2048, 2048, 2048]",76
1275,9841,12,3,2025-11-28T17:37:44.036000+00:00,30.253,27.697,24.255,247.0,293,False,82.205,"[None, 2049, 2049, 2049, 2049, 2049, 2049, 2049, 2049]","[2049, 2049, 2049, 2049, 2049, 2049, 2051]","[2049, 2049, 2049, 2049, 2049, 2049, 2049, 2049]",325
1275,9841,23,5,2025-11-28T17:37:47.864000+00:00,54.557,35.268,31.224,202.0,261,False,121.049,"[2048, 2048, 2048, 2048, 2048, 2048, 2048, 2048, 2048]","[2048, 2048, 2048, 2048, 2048, 2048, 2048]","[2048, 2048, 2048, 2048, 2048, 2048, 2048, 2048]",92
1275,9841,4,5,2025-11-28T17:37:53.598000+00:00,53.184,35.203,31.437,189.0,220,False,119.824,"[None, 2048, 2048, 2048, 2048, 2048, 2048, 2048, 2048]","[2048, 2048, 2048, 2048, 2048, 2048, 2048]","[2048, 2048, 2048, 2048, 2048, 2048, 2048, 2048]",65
1275,9841,63,3,2025-11-28T17:37:57.449000+00:00,29.949,27.817,23.994,253.0,291,False,81.76,"[None, 2049, 2049, 2049, 2049, 2049, 2049, 2049, 2049]","[2049, 2049, 2049, 2049, 2049, 2049, 2049]","[2049, 2049, 2049, 2049, 2049, 2049, 2049, 2049]",325
1275,9841,6,5,2025-11-28T17:38:02.058000+00:00,39.029,35.392,29.086,191.0,225,False,103.507,"[2048, 2048, 2048, 2048, 2048, 2048, 2048, 2048, 2048]","[2048, 2048, 2048, 2048, 2048, 2048, 2048]","[2048, 2048, 2048, 2048, 2048, 2048, 2048, 2048]",275
1275,9841,27,5,2025-11-28T17:38:06.308000+00:00,41.65,35.611,31.225,187.0,229,False,108.486,"[2048, 2048, 2048, 2048, 2048, 2048, 2048, 2048, 2048]","[2048, 2048, 2048, 2048, 2048, 2048, 2048]","[2048, 2048, 2048, 2048, 2048, 2048, 2048, 2048]",231
1275,9841,81,5,2025-11-28T17:38:12.849000+00:00,46.2,33.753,30.481,200.0,247,False,110.434,"[2048, 2048, 2048, 2048, 2048, 2048, 2048, 2048, 2048]","[2048, 2048, 2048, 2048, 2048, 2048, 2048]","[2048, 2048, 2048, 2048, 2048, 2048, 2048, 2048]",108
1275,9841,5,5,2025-11-28T17:38:22.670000+00:00,43.082,34.934,37.966,192.0,237,False,115.982,"[2048, 2048, 2048, 2048, 2048, 2048, 2048, 2048, 2048]","[2048, 2048, 2048, 2048, 2048, 2048, 2048]","[2048, 2048, 2048, 2048, 2048, 2048, 2048, 2048]",211
1275,9841,1,6,2025-11-28T17:38:24.748000+00:00,62.32,35.335,29.033,194.0,264,False,126.688,"[None, 2048, 2048, 2048, 2048, 2048, 2048, 2048, 2048]","[2048, 2048, 2048, 2048, 2048, 2048, 2048]","[2048, 2048, 2048, 2048, 2048, 2048, 2049, 2048]",84
1275,9841,18,5,2025-11-28T17:38:27.951000+00:00,46.693,40.194,30.307,155.0,247,False,117.194,"[2048, 2048, 2048, 2048, 2048, 2048, 2048, 2048, 2048]","[2048, 2048, 2048, 2048, 2048, 2048, 2048]","[2048, 2048, 2048, 2048, 2048, 2048, 2048, 2049]",266
1275,9841,10,6,2025-11-28T17:38:40.326000+00:00,68.807,38.02,34.942,187.0,266,False,141.769,"[None, 2048, 2048, 2048, 2048, 2048, 2048, 2048, 2048]","[2048, 2048, 2048, 2048, 2048, 2048, 2048]","[2048, 2048, 2048, 2048, 2048, 2048, 2048, 2048]",45
1275,9841,14,5,2025-11-28T17:38:49.545000+00:00,29.844,27.628,23.804,252.0,289,False,81.276,"[2048, 2048, 2048, 2051, 2051, 2049, 2049, 2051, 2049]","[2049, 2048, 2049, 2049, 2049, 2049, 2049]","[2049, 2049, 2049, 2051, 2051, 2048, 2048]",323
1275,9841,30,4,2025-11-28T17:38:50.764000+00:00,92.137,35.628,34.592,216.0,235,True,162.357,"[2064, 2064, 2048, 2048, 2048, 2048, 2048, 2048, 2048]","[2048, 2048, 2048, 2048, 2048, 2048, 2048]","[2048, 2048, 2048, 2048, 2048, 2048, 2049, 2048]",100
1275,9841,16,6,2025-11-28T17:38:52.873000+00:00,46.159,37.866,33.783,172.0,227,False,117.808,"[None, 2048, 2048, 2048, 2048, 2048, 2048, 2048, 2048]","[2048, 2048, 2048, 2048, 2048, 2048, 2048]","[2048, 2048, 2048, 2048, 2048, 2048, 2048, 2048]",143
1275,9841,22,6,2025-11-28T17:38:53.030000+00:00,50.777,35.519,36.812,162.0,183,False,123.108,"[None, 2048, 2048, 2048, 2048, 2048, 2048, 2048, 2048]","[2048, 2048, 2048, 2048, 2048, 2048, 2048]","[2048, 2048, 2048, 2048, 2048, 2048, 2049, 2048]",179
1275,9841,44,6,2025-11-28T17:38:53.139000+00:00,40.983,39.578,31.372,172.0,224,False,111.933,"[None, 2048, 2048, 2048, 2048, 2048, 2048, 2048, 2048]","[2048, 2048, 2048, 2048, 2048, 2048, 2048]","[2048, 2048, 2048, 2048, 2048, 2048, 2048, 2048]",277
1275,9841,55,6,2025-11-28T17:39:05.155000+00:00,60.594,40.47,27.554,225.0,222,False,128.618,"[None, 2048, 2048, 2048, 2048, 2048, 2048, 2048, 2048]","[2048, 2048, 2048, 2048, 2048, 2048, 2048]","[2048, 2048, 2048, 2048, 2048, 2048, 2048, 2048]",58
1275,9841,12,4,2025-11-28T17:39:06.280000+00:00,53.741,35.774,31.568,193.0,254,False,121.083,"[2048, 2048, 2048, 2048, 2048, 2048, 2048, 2048, 2048]","[2048, 2048, 2048, 2048, 2048, 2048, 2048]","[2048, 2048, 2048, 2048, 2048, 2048, 2048, 2048]",88
1275,9841,31,6,2025-11-28T17:39:09.030000+00:00,65.601,36.602,30.238,112.0,240,False,132.441,"[None, 2048, 2048, 2048, 2048, 2048, 2048, 2048, 2048]","[2048, 2048, 2048, 2048, 2048, 2048, 2048]","[2048, 2048, 2048, 2048, 2048, 2048, 2048, 2048]",39
1275,9841,63,4,2025-11-28T17:39:19.264000+00:00,68.736,35.407,42.249,174.0,250,False,146.392,"[2048, 2048, 2048, 2048, 2048, 2048, 2048, 2048, 2048]","[2048, 2048, 2048, 2048, 2048, 2048, 2048]","[2048, 2048, 2048, 2048, 2048, 2048, 2048, 2048]",43
1275,9841,87,6,2025-11-28T17:39:23.733000+00:00,58.419,33.251,31.701,210.0,265,False,123.371,"[None, 2048, 2048, 2048, 2048, 2048, 2048, 2048, 2048]","[2048, 2048, 2048, 2048, 2048, 2048, 2048]","[2048, 2048, 2048, 2048, 2048, 2048, 2049, 2049]",99
1275,9841,43,6,2025-11-28T17:39:37.309000+00:00,57.804,35.083,31.728,197.0,268,False,124.615,"[None, 2048, 2048, 2048, 2048, 2048, 2048, 2048, 2048]","[2048, 2048, 2048, 2048, 2048, 2048, 2048]","[2048, 2048, 2048, 2048, 2048, 2048, 2048, 2048]",100
1275,9841,6,6,2025-11-28T17:39:45.592000+00:00,30.177,39.157,38.205,251.0,236,False,107.539,"[None, 2048, 2048, 2048, 2048, 2049, 2049, 2048, 2049]","[2051, 2048, 2048, 2048, 2048, 2048, 2048]","[2048, 2048, 2048, 2048, 2048, 2048, 2049, 2049]",319
1275,9841,23,6,2025-11-28T17:39:49.034000+00:00,48.419,33.217,39.157,225.0,270,False,120.793,"[None, 2048, 2048, 2048, 2048, 2048, 2048, 2048, 2048]","[2048, 2048, 2048, 2048, 2048, 2048, 2048]","[2048, 2048, 2048, 2048, 2048, 2048, 2048, 2048]",119
1275,9841,4,6,2025-11-28T17:39:53.508000+00:00,43.71,33.469,43.25,203.0,266,False,120.429,"[None, 2048, 2048, 2048, 2048, 2048, 2048, 2048, 2048]","[2048, 2048, 2048, 2048, 2048, 2048, 2048]","[2048, 2048, 2048, 2048, 2048, 2048, 2048, 2048]",191
1275,9841,27,6,2025-11-28T17:39:54.919000+00:00,37.466,36.481,29.107,185.0,261,False,103.054,"[None, 2048, 2048, 2048, 2048, 2048, 2048, 2048, 2048]","[2048, 2048, 2048, 2048, 2048, 2048, 2048]","[2048, 2048, 2048, 2048, 2048, 2048, 2048, 2048]",295
1275,9841,81,6,2025-11-28T17:40:03.286000+00:00,39.119,42.042,33.463,197.0,222,False,114.624,"[None, 2048, 2048, 2048, 2048, 2048, 2048, 2048, 2048]","[2048, 2048, 2048, 2048, 2048, 2048, 2048]","[2048, 2048, 2048, 2048, 2048, 2048, 2048, 2049]",240
1275,9841,14,6,2025-11-28T17:40:10.676000+00:00,42.547,39.397,39.825,142.0,258,False,121.769,"[None, 2048, 2048, 2048, 2048, 2048, 2048, 2048, 2048]","[2048, 2048, 2048, 2048, 2048, 2048, 2048]","[2048, 2048, 2048, 2048, 2048, 2048, 2064, 2064]",203
1275,9841,5,6,2025-11-28T17:40:18.739000+00:00,29.935,27.716,23.972,251.0,288,False,81.623,"[None, 2048, 2048, 2049, 2051, 2049, 2048, 2049, 2048]","[2048, 2049, 2049, 2048, 2048, 2048, 2049]","[2049, 2049, 2049, 2048, 2048, 2049, 2049, 2049]",320
1275,9841,18,6,2025-11-28T17:40:25.286000+00:00,30.16,27.664,23.983,250.0,290,False,81.807,"[None, 2048, 2048, 2048, 2049, 2048, 2049, 2049, 2049]","[2049, 2049, 2049, 2048, 2048, 2049, 2049]","[2049, 2049, 2049, 2049, 2049, 2049, 2049, 2049]",324
1275,9841,1,7,2025-11-28T17:40:31.411000+00:00,29.775,27.661,23.736,252.0,291,False,81.172,"[None, 2048, 2048, 2048, 2049, 2051, 2048, 2048, 2048]","[2049, 2049, 2049, 2049, 2048, 2049, 2049]","[2049, 2048, 2051, 2048, 2048, 2049, 2049, 2048]",326
1275,9841,30,5,2025-11-28T17:40:38.583000+00:00,30.164,27.645,24.042,251.0,288,False,81.851,"[2048, 2049, 2049, 2048, 2049, 2049, 2049, 2049, 2049]","[2049, 2049, 2049, 2049, 2049, 2049, 2049]","[2048, 2049, 2049, 2049, 2049, 2049, 2048, 2048]",322
1275,9841,44,7,2025-11-28T17:40:45.021000+00:00,30.193,27.643,24.207,253.0,288,False,82.043,"[None, 2048, 2048, 2049, 2049, 2048, 2048, 2048, 2049]","[2049, 2049, 2049, 2049, 2049, 2049, 2049]","[2048, 2049, 2049, 2049, 2049, 2048, 2048, 2048]",320
1275,9841,16,7,2025-11-28T17:40:50.661000+00:00,30.094,27.635,23.907,253.0,291,False,81.636,"[None, 2048, 2048, 2048, 2049, 2049, 2049, 2049, 2049]","[2049, 2048, 2048, 2049, 2051, 2049, 2049]","[2048, 2049, 2049, 2049, 2049, 2048, 2048]",323
1275,9841,22,7,2025-11-28T17:40:56.130000+00:00,30.064,27.523,23.871,252.0,290,False,81.458,"[2049, 2048, 2048, 2048, 2049, 2048, 2048, 2049, 2049]","[2049, 2049, 2049, 2049, 2049, 2051, 2049]","[2048, 2048, 2049, 2049, 2049, 2051, 2049]",325
1275,9841,10,7,2025-11-28T17:41:02.255000+00:00,30.444,27.716,23.952,252.0,288,False,82.112,"[2049, 2049, 2049, 2048, 2048, 2049, 2049, 2049, 2049]","[2049, 2049, 2049, 2049, 2049, 2049, 2049]","[2049, 2049, 2049, 2049, 2049, 2048, 2048]",325
1275,9841,12,5,2025-11-28T17:41:07.349000+00:00,29.848,27.67,24.037,253.0,293,False,81.555,"[2049, 2049, 2049, 2049, 2048, 2049, 2048, 2051, 2049]","[2049, 2048, 2048, 2049, 2048, 2049, 2051]","[2051, 2049, 2049, 2049, 2049, 2049, 2049]",328
1275,9841,55,7,2025-11-28T17:41:13.755000+00:00,29.999,27.576,23.863,248.0,289,False,81.438,"[2049, 2049, 2048, 2049, 2049, 2049, 2049, 2049, 2049]","[2049, 2049, 2049, 2049, 2049, 2049, 2049]","[2048, 2049, 2049, 2049, 2049, 2049, 2049, 2048]",324
1275,9841,31,7,2025-11-28T17:41:21.490000+00:00,30.096,27.551,24.126,251.0,292,False,81.773,"[None, 2048, 2048, 2049, 2048, 2049, 2049, 2049, 2049]","[2049, 2051, 2049, 2048, 2049, 2049, 2049]","[2049, 2049, 2049, 2048, 2048, 2049, 2048, 2048]",323
1275,9841,87,7,2025-11-28T17:41:26.927000+00:00,30.015,27.562,23.949,251.0,290,False,81.526,"[None, 2048, 2048, 2049, 2049, 2049, 2049, 2048, 2049]","[2048, 2049, 2049, 2049, 2049, 2049, 2049]","[2049, 2049, 2049, 2049, 2049, 2049, 2048, 2048]",324
1275,9841,6,7,2025-11-28T17:41:33.177000+00:00,29.939,27.516,23.944,252.0,287,False,81.399,"[2049, 2048, 2048, 2048, 2049, 2049, 2049, 2049, 2049]","[2048, 2049, 2048, 2049, 2049, 2048, 2049]","[2049, 2049, 2049, 2049, 2049, 2049, 2049, 2048]",323
1275,9841,27,7,2025-11-28T17:41:37.933000+00:00,29.949,27.449,23.929,252.0,289,False,81.327,"[None, 2049, 2049, 2049, 2048, 2048, 2049, 2049, 2049]","[2049, 2049, 2048, 2049, 2049, 2049, 2049]","[2049, 2049, 2049, 2049, 2049, 2051, 2048]",325
1275,9841,5,7,2025-11-28T17:41:40.385000+00:00,57.248,34.984,38.661,169.0,240,False,130.893,"[2049, 2048, 2048, 2048, 2048, 2048, 2048, 2048, 2048]","[2048, 2048, 2048, 2048, 2048, 2048, 2048]","[2048, 2048, 2048, 2048, 2048, 2048, 2064, 2064]",178
1275,9841,43,7,2025-11-28T17:41:41.976000+00:00,30.206,28.011,24.147,251.0,287,False,82.364,"[2049, 2049, 2049, 2049, 2049, 2049, 2049, 2049, 2049]","[2048, 2049, 2049, 2049, 2049, 2048, 2048]","[2049, 2049, 2049, 2049, 2049, 2049, 2048]",326
1275,9841,63,5,2025-11-28T17:41:45.810000+00:00,29.974,27.671,23.787,253.0,293,False,81.432,"[None, 2049, 2049, 2048, 2049, 2049, 2051, 2048, 2049]","[2049, 2049, 2049, 2051, 2049, 2049, 2049]","[2049, 2049, 2049, 2049, 2048, 2051, 2051, 2050]",327
1275,9841,18,7,2025-11-28T17:41:46.988000+00:00,48.598,34.454,45.718,197.0,237,False,128.77,"[None, 2048, 2048, 2048, 2048, 2048, 2048, 2048, 2048]","[2048, 2048, 2048, 2048, 2048, 2048, 2048]","[2048, 2048, 2048, 2048, 2048, 2048, 2064, 2064]",147
1275,9841,23,7,2025-11-28T17:41:49.821000+00:00,30.064,27.563,24.094,251.0,289,False,81.721,"[2049, 2049, 2049, 2048, 2049, 2051, 2049, 2049, 2049]","[2049, 2049, 2048, 2049, 2048, 2048, 2049]","[2049, 2048, 2049, 2048, 2048, 2049, 2049, 2048]",326
1275,9841,1,8,2025-11-28T17:41:52.659000+00:00,43.963,34.795,36.319,188.0,255,False,115.077,"[None, 2048, 2048, 2048, 2048, 2048, 2048, 2048, 2048]","[2048, 2048, 2048, 2048, 2048, 2048, 2048]","[2048, 2048, 2048, 2048, 2048, 2048, 2064, 2064]",313
1275,9841,4,7,2025-11-28T17:41:53.985000+00:00,44.789,33.45,36.448,160.0,262,False,114.687,"[2051, 2051, 2051, 2048, 2048, 2048, 2048, 2048, 2048]","[2048, 2048, 2048, 2048, 2048, 2048, 2048]","[2048, 2048, 2048, 2048, 2048, 2048, 2064, 2064]",332
1275,9841,81,7,2025-11-28T17:41:57.864000+00:00,36.609,34.925,35.85,183.0,247,False,107.384,"[2049, 2049, 2049, 2048, 2048, 2048, 2048, 2048, 2048]","[2048, 2048, 2048, 2048, 2048, 2048, 2048]","[2048, 2048, 2048, 2048, 2048, 2048, 2064, 2064]",328
1275,9841,30,6,2025-11-28T17:42:00.579000+00:00,39.25,34.74,41.778,169.0,261,False,115.768,"[None, 2048, 2048, 2048, 2048, 2048, 2048, 2048, 2048]","[2048, 2048, 2048, 2048, 2048, 2048, 2048]","[2048, 2048, 2048, 2048, 2048, 2048, 2064, 2064]",318
1275,9841,44,8,2025-11-28T17:42:07.070000+00:00,42.698,35.687,38.715,172.0,230,False,117.1,"[None, 2048, 2048, 2048, 2048, 2048, 2048, 2048, 2048]","[2048, 2048, 2048, 2048, 2048, 2048, 2048]","[2048, 2048, 2048, 2048, 2048, 2048, 2064, 2064]",171
1275,9841,16,8,2025-11-28T17:42:12.148000+00:00,38.187,36.959,38.455,177.0,239,False,113.601,"[None, 2048, 2048, 2048, 2048, 2048, 2048, 2048, 2048]","[2048, 2048, 2048, 2048, 2048, 2048, 2048]","[2048, 2048, 2048, 2048, 2048, 2048, 2064, 2064]",252
1275,9841,22,8,2025-11-28T17:42:17.445000+00:00,37.744,33.287,38.792,205.0,239,False,109.823,"[2048, 2048, 2048, 2048, 2048, 2048, 2048, 2048, 2048]","[2048, 2048, 2048, 2048, 2048, 2048, 2048]","[2048, 2048, 2048, 2048, 2048, 2048, 2064, 2064]",235
1275,9841,10,8,2025-11-28T17:42:24.179000+00:00,42.467,34.079,39.033,188.0,255,False,115.579,"[2048, 2048, 2048, 2048, 2048, 2048, 2048, 2048, 2048]","[2048, 2048, 2048, 2048, 2048, 2048, 2048]","[2048, 2048, 2048, 2048, 2048, 2048, 2064, 2064]",228
1275,9841,12,6,2025-11-28T17:42:28.773000+00:00,41.318,33.681,37.757,195.0,251,False,112.756,"[2048, 2048, 2048, 2048, 2048, 2048, 2048, 2048, 2048]","[2048, 2048, 2048, 2048, 2048, 2048, 2048]","[2048, 2048, 2048, 2048, 2048, 2048, 2064, 2064]",199
1275,9841,55,8,2025-11-28T17:42:35.211000+00:00,44.987,32.095,34.318,208.0,220,False,111.4,"[2048, 2048, 2048, 2048, 2048, 2048, 2048, 2048, 2048]","[2048, 2048, 2048, 2048, 2048, 2048, 2048]","[2048, 2048, 2048, 2048, 2048, 2048, 2064, 2064]",104
1275,9841,31,8,2025-11-28T17:42:43.148000+00:00,41.062,33.544,36.696,202.0,230,False,111.302,"[None, 2048, 2048, 2048, 2048, 2048, 2048, 2048, 2048]","[2048, 2048, 2048, 2048, 2048, 2048, 2048]","[2048, 2048, 2048, 2048, 2048, 2048, 2064, 2064]",165
1275,9841,87,8,2025-11-28T17:42:48.311000+00:00,38.339,32.42,37.027,208.0,264,False,107.786,"[None, 2048, 2048, 2048, 2048, 2048, 2048, 2048, 2048]","[2048, 2048, 2048, 2048, 2048, 2048, 2048]","[2048, 2048, 2048, 2048, 2048, 2048, 2064, 2064]",273
1275,9841,6,8,2025-11-28T17:42:54.573000+00:00,41.126,33.111,35.71,179.0,248,False,109.947,"[2048, 2048, 2048, 2048, 2048, 2048, 2048, 2048, 2048]","[2048, 2048, 2048, 2048, 2048, 2048, 2048]","[2048, 2048, 2048, 2048, 2048, 2048, 2064, 2064]",224
1275,9841,27,8,2025-11-28T17:42:59.187000+00:00,39.391,34.347,37.536,200.0,253,False,111.274,"[None, 2048, 2048, 2048, 2048, 2048, 2048, 2048, 2048]","[2048, 2048, 2048, 2048, 2048, 2048, 2048]","[2048, 2048, 2048, 2048, 2048, 2048, 2064, 2064]",193
1275,9841,43,8,2025-11-28T17:43:04.274000+00:00,42.319,35.002,49.423,196.0,214,False,126.744,"[2048, 2048, 2048, 2048, 2048, 2048, 2048, 2048, 2048]","[2048, 2048, 2048, 2048, 2048, 2048, 2048]","[2048, 2048, 2048, 2048, 2048, 2048, 2064, 2064]",183
1275,9841,63,6,2025-11-28T17:43:07.138000+00:00,46.268,34.033,37.701,190.0,260,False,118.002,"[None, 2048, 2048, 2048, 2048, 2048, 2048, 2048, 2048]","[2048, 2048, 2048, 2048, 2048, 2048, 2048]","[2048, 2048, 2048, 2048, 2048, 2048, 2064, 2064]",141
1275,9841,23,8,2025-11-28T17:43:11.652000+00:00,49.125,32.666,35.591,171.0,259,False,117.382,"[2048, 2048, 2048, 2048, 2048, 2048, 2048, 2048, 2048]","[2048, 2048, 2048, 2048, 2048, 2048, 2048]","[2048, 2048, 2048, 2048, 2048, 2048, 2064, 2064]",152
1275,9841,63,7,2025-11-28T17:49:02.699000+00:00,,31.15,28.299,222.0,271,True,333.455,"[2064, 2064, 2049, 2049, 2049, 2049, 2049, 2049, 2049]","[2049, 2049, 2049, 2049, 2049, 2049, 2049]","[2049, 2049, 2051, 2051, 2051, 2051, 2051, 2051]",138
1275,9841,1,9,2025-11-28T17:49:11.793000+00:00,,30.84,30.494,245.0,265,True,418.016,"[2064, 2064, 2049, 2051, 2051, 2049, 2049, 2051, 2051]","[2049, 2049, 2049, 2049, 2049, 2049, 2049]","[2049, 2049, 2049, 2049, 2049, 2051, 2051]",120
1275,9841,22,9,2025-11-28T17:49:19.121000+00:00,,29.222,27.483,232.0,268,True,404.472,"[2064, 2064, 2049, 2049, 2049, 2049, 2049, 2049, 2049]","[2049, 2051, 2051, 2051, 2051, 2051, 2051]","[2051, 2049, 2049, 2049, 2049, 2051, 2051, 2051]",77
1275,9841,27,9,2025-11-28T17:49:28.496000+00:00,,30.332,26.994,231.0,264,True,369.038,"[2064, 2064, 2049, 2049, 2049, 2049, 2049, 2049, 2049]","[2049, 2049, 2049, 2049, 2049, 2049, 2049]","[2049, 2049, 2051, 2051, 2049, 2049, 2051, 2049]",116
1275,9841,5,8,2025-11-28T17:49:36.293000+00:00,,30.38,28.482,230.0,267,True,435.048,"[2064, 2064, 2049, 2049, 2049, 2049, 2049, 2049, 2049]","[2049, 2049, 2049, 2049, 2049, 2049, 2049]","[2049, 2049, 2049, 2049, 2049, 2049, 2049, 2049]",173
1275,9841,16,9,2025-11-28T17:49:42.788000+00:00,,31.451,25.264,223.0,264,True,429.831,"[2064, 2064, 2049, 2049, 2049, 2049, 2049, 2049, 2049]","[2049, 2049, 2049, 2049, 2049, 2049, 2049]","[2049, 2051, 2051, 2051, 2051, 2049, 2049, 2051]",105
1275,9841,31,9,2025-11-28T17:50:01.053000+00:00,,30.571,27.984,228.0,263,True,418.71,"[2064, 2064, 2049, 2049, 2049, 2049, 2049, 2049, 2049]","[2049, 2049, 2049, 2049, 2049, 2049, 2049]","[2049, 2049, 2049, 2049, 2049, 2049, 2049, 2049]",123
1275,9841,87,9,2025-11-28T17:50:08.887000+00:00,,30.409,27.075,228.0,264,True,427.519,"[2064, 2064, 2049, 2049, 2049, 2049, 2049, 2049, 2049]","[2049, 2049, 2049, 2049, 2049, 2049, 2049]","[2049, 2049, 2049, 2049, 2049, 2049, 2049, 2049]",88
1275,9841,4,8,2025-11-28T17:50:16.064000+00:00,,31.919,26.941,230.0,251,True,482.145,"[2064, 2064, 2049, 2049, 2049, 2049, 2049, 2049, 2049]","[2049, 2049, 2049, 2049, 2049, 2049, 2049]","[2049, 2049, 2049, 2049, 2049, 2051, 2049, 2051]",104
1275,9841,81,8,2025-11-28T17:50:20.438000+00:00,,31.508,27.345,226.0,268,True,493.763,"[2064, 2064, 2049, 2049, 2049, 2049, 2049, 2049, 2049]","[2049, 2049, 2049, 2049, 2049, 2049, 2049]","[2049, 2049, 2049, 2049, 2049, 2049, 2049, 2051]",78
1275,9841,55,9,2025-11-28T17:50:29.109000+00:00,,34.204,25.396,236.0,259,True,463.452,"[2064, 2064, 2049, 2049, 2049, 2049, 2049, 2049, 2049]","[2049, 2049, 2049, 2049, 2049, 2049, 2049]","[2049, 2049, 2049, 2049, 2049, 2049, 2049, 2051]",108
1275,9841,63,8,2025-11-28T17:50:38.574000+00:00,40.318,34.77,28.924,,271,False,104.012,"[2049, 2049, 2049, 2049, 2049, 2049, 2048, 2048, 2048]","[2049, 2048, 2048, 2048, 2048, 2048, 2048]","[2048, 2048, 2048, 2048, 2049, 2049, 2049, 2051]",285
1275,9841,23,9,2025-11-28T17:50:41.364000+00:00,,38.107,29.362,221.0,134,True,438.416,"[2064, 2064, 2049, 2049, 2049, 2049, 2049, 2049, 2049]","[2049, 2049, 2049, 2049, 2049, 2049, 2049]","[2049, 2049, 2049, 2049, 2049, 2049, 2049, 2049]",118
1275,9841,1,10,2025-11-28T17:50:45.595000+00:00,29.86,27.626,23.809,252.0,290,False,81.295,"[2049, 2049, 2049, 2051, 2049, 2051, 2049, 2051, 2049]","[2051, 2049, 2049, 2049, 2051, 2051, 2051]","[2049, 2049, 2051, 2051, 2051, 2051, 2048, 2048]",322
1275,9841,6,9,2025-11-28T17:50:50.994000+00:00,,33.939,33.125,119.0,125,True,469.938,"[2064, 2064, 2049, 2049, 2049, 2049, 2049, 2049, 2049]","[2049, 2049, 2049, 2049, 2049, 2049, 2049]","[2049, 2049, 2049, 2049, 2049, 2049, 2049]",118
1275,9841,22,10,2025-11-28T17:50:51.746000+00:00,30.002,27.613,24.001,251.0,290,False,81.616,"[2049, 2049, 2049, 2049, 2049, 2049, 2049, 2049, 2049]","[2049, 2049, 2049, 2049, 2049, 2049, 2049]","[2051, 2051, 2049, 2049, 2049, 2049, 2048]",324
1275,9841,14,7,2025-11-28T17:50:59.621000+00:00,,30.351,30.225,231.0,279,True,626.184,"[2064, 2064, 2049, 2049, 2049, 2049, 2049, 2049, 2049]","[2049, 2049, 2049, 2049, 2049, 2049, 2049]","[2049, 2049, 2049, 2049, 2049, 2049, 2049, 2049]",79
1275,9841,27,10,2025-11-28T17:50:59.734000+00:00,30.02,27.615,23.996,250.0,289,False,81.631,"[2049, 2049, 2049, 2049, 2049, 2049, 2049, 2049, 2049]","[2049, 2049, 2049, 2049, 2049, 2049, 2049]","[2049, 2049, 2049, 2049, 2049, 2051, 2048, 2048]",322
1275,9841,5,9,2025-11-28T17:51:06.240000+00:00,30.1,27.824,24.762,248.0,288,False,82.686,"[2049, 2049, 2049, 2049, 2049, 2049, 2049, 2049, 2049]","[2049, 2049, 2049, 2049, 2049, 2049, 2049]","[2049, 2049, 2049, 2049, 2049, 2049, 2048]",321
1275,9841,16,10,2025-11-28T17:51:15.631000+00:00,29.972,27.538,23.981,255.0,291,False,81.491,"[2049, 2049, 2049, 2049, 2049, 2049, 2051, 2049, 2049]","[2049, 2051, 2051, 2051, 2049, 2049, 2051]","[2051, 2049, 2051, 2049, 2049, 2048, 2048, 2049]",322
1275,9841,12,7,2025-11-28T17:51:15.740000+00:00,,30.483,26.194,229.0,270,True,506.074,"[2064, 2064, 2049, 2049, 2049, 2049, 2049, 2049, 2049]","[2049, 2049, 2049, 2049, 2049, 2049, 2049]","[2049, 2049, 2049, 2049, 2049, 2049, 2049]",128
1275,9841,31,10,2025-11-28T17:51:33.225000+00:00,30.211,27.659,24.123,251.0,291,False,81.993,"[2049, 2049, 2049, 2049, 2049, 2049, 2049, 2049, 2049]","[2051, 2049, 2049, 2049, 2049, 2049, 2049]","[2049, 2049, 2049, 2049, 2049, 2049, 2048]",322
1275,9841,87,10,2025-11-28T17:51:43.615000+00:00,30.02,27.64,24.029,252.0,290,False,81.689,"[2049, 2049, 2049, 2049, 2049, 2049, 2049, 2049, 2049]","[2049, 2049, 2049, 2049, 2049, 2049, 2049]","[2049, 2049, 2049, 2049, 2049, 2049, 2048]",322
1275,9841,4,9,2025-11-28T17:51:50.756000+00:00,29.731,27.605,23.62,254.0,291,False,80.956,"[2049, 2049, 2049, 2049, 2049, 2049, 2049, 2051, 2049]","[2049, 2049, 2049, 2049, 2049, 2049, 2049]","[2051, 2049, 2051, 2051, 2049, 2049, 2051, 2049]",324
1275,9841,81,9,2025-11-28T17:51:59.147000+00:00,29.821,27.501,23.683,257.0,291,False,81.005,"[2049, 2049, 2049, 2049, 2049, 2049, 2049, 2049, 2051]","[2049, 2049, 2049, 2051, 2049, 2049, 2051]","[2049, 2051, 2049, 2049, 2051, 2049, 2049]",324
1275,9841,1,11,2025-11-28T17:52:06.975000+00:00,56.304,38.464,37.068,116.0,144,False,131.836,"[2048, 2048, 2048, 2048, 2048, 2048, 2048, 2048, 2048]","[2048, 2048, 2048, 2048, 2048, 2048, 2048]","[2048, 2048, 2048, 2048, 2048, 2048, 2048, 2048]",110
1275,9841,55,10,2025-11-28T17:52:09.928000+00:00,29.982,27.631,23.827,248.0,290,False,81.44,"[2049, 2049, 2049, 2049, 2049, 2051, 2049, 2049, 2049]","[2049, 2049, 2049, 2049, 2049, 2049, 2049]","[2049, 2049, 2049, 2049, 2049, 2049, 2049]",323
1275,9841,22,11,2025-11-28T17:52:13.350000+00:00,54.656,38.741,45.132,166.0,258,False,138.529,"[2048, 2048, 2048, 2048, 2048, 2048, 2048, 2048, 2048]","[2048, 2048, 2048, 2048, 2048, 2048, 2048]","[2048, 2048, 2048, 2048, 2048, 2048, 2064, 2064]",100
1275,9841,27,11,2025-11-28T17:52:21.240000+00:00,48.005,39.783,39.718,114.0,230,False,127.506,"[2048, 2048, 2048, 2048, 2048, 2048, 2048, 2048, 2048]","[2048, 2048, 2048, 2048, 2048, 2048, 2048]","[2048, 2048, 2048, 2048, 2048, 2048, 2064, 2064]",133
1275,9841,63,9,2025-11-28T17:52:22.600000+00:00,29.721,27.719,23.826,253.0,292,False,81.266,"[2051, 2049, 2049, 2049, 2051, 2049, 2049, 2049, 2049]","[2049, 2049, 2049, 2049, 2049, 2049, 2049]","[2049, 2049, 2049, 2049, 2049, 2049, 2049]",325
1275,9841,23,10,2025-11-28T17:52:27.412000+00:00,30.168,27.886,24.284,246.0,290,False,82.338,"[2049, 2049, 2049, 2049, 2049, 2049, 2049, 2049, 2049]","[2049, 2049, 2049, 2049, 2049, 2049, 2049]","[2049, 2049, 2049, 2049, 2049, 2049, 2049, 2049]",325
1275,9841,5,10,2025-11-28T17:52:28.850000+00:00,52.078,33.986,38.033,193.0,236,False,124.097,"[2048, 2048, 2048, 2048, 2048, 2048, 2048, 2048, 2048]","[2048, 2048, 2048, 2048, 2048, 2048, 2048]","[2048, 2048, 2048, 2048, 2048, 2048, 2064, 2064]",157
1275,9841,6,10,2025-11-28T17:52:34.275000+00:00,30.011,27.5,23.922,251.0,287,False,81.433,"[2049, 2049, 2049, 2051, 2049, 2049, 2049, 2049, 2049]","[2051, 2049, 2051, 2049, 2049, 2051, 2049]","[2049, 2049, 2049, 2049, 2049, 2049, 2048, 2048]",324
1275,9841,16,11,2025-11-28T17:52:37.165000+00:00,49.718,37.204,36.387,176.0,242,False,123.309,"[2048, 2048, 2048, 2048, 2048, 2048, 2048, 2048, 2048]","[2048, 2048, 2048, 2048, 2048, 2048, 2048]","[2048, 2048, 2048, 2048, 2048, 2048, 2064, 2064]",147
1275,9841,14,8,2025-11-28T17:52:38.774000+00:00,33.499,29.908,25.818,225.0,268,False,89.225,"[2049, 2049, 2049, 2049, 2049, 2048, 2049, 2049, 2048]","[2049, 2048, 2049, 2048, 2049, 2049, 2048]","[2049, 2049, 2049, 2049, 2049, 2049, 2049, 2049]",318
1275,9841,12,8,2025-11-28T17:52:47.622000+00:00,36.344,41.857,32.476,119.0,235,False,110.677,"[2049, 2051, 2051, 2049, 2049, 2049, 2051, 2048, 2048]","[2048, 2048, 2048, 2048, 2048, 2048, 2048]","[2048, 2048, 2048, 2048, 2048, 2048, 2048, 2048]",328
1275,9841,31,11,2025-11-28T17:52:55.111000+00:00,44.782,36.937,38.173,194.0,185,False,119.892,"[2048, 2048, 2048, 2048, 2048, 2048, 2048, 2048, 2048]","[2048, 2048, 2048, 2048, 2048, 2048, 2048]","[2048, 2048, 2048, 2048, 2048, 2048, 2064, 2064]",145
1275,9841,87,11,2025-11-28T17:53:05.323000+00:00,56.702,34.568,35.509,193.0,258,False,126.779,"[2048, 2048, 2048, 2048, 2048, 2048, 2048, 2048, 2048]","[2048, 2048, 2048, 2048, 2048, 2048, 2048]","[2048, 2048, 2048, 2048, 2048, 2048, 2064, 2064]",106
1275,9841,4,10,2025-11-28T17:53:11.874000+00:00,54.669,36.533,32.879,181.0,232,False,124.081,"[2048, 2048, 2048, 2048, 2048, 2048, 2048, 2048, 2048]","[2048, 2048, 2048, 2048, 2048, 2048, 2048]","[2048, 2048, 2048, 2048, 2048, 2048, 2048, 2048]",65
1275,9841,81,10,2025-11-28T17:53:19.939000+00:00,52.856,34.025,33.755,204.0,242,False,120.636,"[2048, 2048, 2048, 2048, 2048, 2048, 2048, 2048, 2048]","[2048, 2048, 2048, 2048, 2048, 2048, 2048]","[2048, 2048, 2048, 2048, 2048, 2048, 2048]",89
1275,9841,55,11,2025-11-28T17:53:31.329000+00:00,54.528,36.491,36.632,174.0,220,False,127.651,"[2048, 2048, 2048, 2048, 2048, 2048, 2048, 2048, 2048]","[2048, 2048, 2048, 2048, 2048, 2048, 2048]","[2048, 2048, 2048, 2048, 2048, 2048, 2048, 2048]",77
1275,9841,63,10,2025-11-28T17:53:43.767000+00:00,53.519,37.729,33.704,142.0,256,False,124.952,"[2048, 2048, 2048, 2048, 2048, 2048, 2048, 2048, 2048]","[2048, 2048, 2048, 2048, 2048, 2048, 2048]","[2048, 2048, 2048, 2048, 2048, 2048, 2048, 2048]",68
1275,9841,23,11,2025-11-28T17:53:49.611000+00:00,58.199,36.052,30.08,175.0,258,False,124.331,"[2048, 2048, 2048, 2048, 2048, 2048, 2048, 2048, 2048]","[2048, 2048, 2048, 2048, 2048, 2048, 2048]","[2048, 2048, 2048, 2048, 2048, 2048, 2048, 2048]",96
1275,9841,6,11,2025-11-28T17:53:55.814000+00:00,58.18,37.614,31.772,182.0,224,False,127.566,"[2048, 2048, 2048, 2048, 2048, 2048, 2048, 2048, 2048]","[2048, 2048, 2048, 2048, 2048, 2048, 2048]","[2048, 2048, 2048, 2048, 2048, 2048, 2048, 2048]",83
1275,9841,14,9,2025-11-28T17:54:07.939000+00:00,30.355,32.425,26.718,239.0,268,False,89.498,"[None, 2049, 2049, 2049, 2049, 2049, 2049, 2049, 2049]","[2048, 2048, 2048, 2048, 2048, 2048, 2048]","[2048, 2048, 2048, 2048, 2048, 2048, 2049, 2049]",321
1275,9841,1,12,2025-11-28T17:54:18.814000+00:00,56.921,34.907,29.095,210.0,230,False,120.923,"[None, 2048, 2048, 2048, 2048, 2048, 2048, 2048, 2048]","[2048, 2048, 2048, 2048, 2048, 2048, 2048]","[2048, 2048, 2048, 2048, 2048, 2048, 2049, 2049]",114
1275,9841,12,9,2025-11-28T17:54:38.295000+00:00,29.93,27.54,23.972,252.0,294,False,81.442,"[2048, 2048, 2048, 2048, 2048, 2051, 2048, 2049, 2049]","[2049, 2049, 2049, 2049, 2049, 2051, 2051]","[2051, 2049, 2049, 2049, 2049, 2049, 2049, 2049]",323
1275,9841,4,11,2025-11-28T17:55:15.780000+00:00,58.501,33.426,38.903,194.0,242,False,130.83,"[None, 2048, 2048, 2048, 2048, 2048, 2048, 2048, 2048]","[2048, 2048, 2048, 2048, 2048, 2048, 2048]","[2048, 2048, 2048, 2048, 2048, 2048, 2051, 2048]",80
1275,9841,16,12,2025-11-28T17:55:16.498000+00:00,89.483,34.09,25.908,196.0,261,True,149.481,"[2064, 2064, 2048, 2048, 2048, 2048, 2048, 2048, 2048]","[2048, 2048, 2048, 2048, 2048, 2048, 2048]","[2048, 2048, 2048, 2048, 2048, 2048, 2049, 2048]",49
1275,9841,81,11,2025-11-28T17:55:20.873000+00:00,56.857,33.015,42.716,219.0,247,False,132.588,"[None, 2048, 2048, 2048, 2048, 2048, 2048, 2048, 2048]","[2048, 2048, 2048, 2048, 2048, 2048, 2048]","[2048, 2048, 2048, 2048, 2048, 2048, 2048, 2048]",86
1275,9841,22,12,2025-11-28T17:55:34.358000+00:00,,31.194,31.147,216.0,270,True,163.603,"[2064, 2064, 2048, 2048, 2048, 2048, 2048, 2048, 2048]","[2048, 2048, 2048, 2048, 2048, 2048, 2048]","[2048, 2048, 2048, 2048, 2048, 2048, 2048, 2048]",101
1275,9841,14,10,2025-11-28T17:55:37.530000+00:00,34.98,33.093,34.888,227.0,127,False,102.961,"[None, 2049, 2049, 2048, 2048, 2048, 2048, 2048, 2048]","[2048, 2048, 2048, 2048, 2048, 2048, 2048]","[2048, 2048, 2048, 2048, 2048, 2048, 2048, 2049]",322
1275,9841,55,12,2025-11-28T17:55:39.014000+00:00,52.928,41.007,32.131,217.0,241,False,126.066,"[None, 2048, 2048, 2048, 2048, 2048, 2048, 2048, 2048]","[2048, 2048, 2048, 2048, 2048, 2048, 2048]","[2048, 2048, 2048, 2048, 2048, 2048, 2048, 2049]",101
1275,9841,27,12,2025-11-28T17:55:41.842000+00:00,,40.4,36.647,106.0,261,True,190.52,"[2064, 2064, 2048, 2048, 2048, 2048, 2048, 2048, 2048]","[2048, 2048, 2048, 2048, 2048, 2048, 2048]","[2048, 2048, 2048, 2048, 2048, 2048, 2048, 2048]",130
1275,9841,63,11,2025-11-28T17:55:48.905000+00:00,67.8,35.635,42.406,187.0,151,False,145.841,"[None, 2048, 2048, 2048, 2048, 2048, 2048, 2048, 2048]","[2048, 2048, 2048, 2048, 2048, 2048, 2048]","[2048, 2048, 2048, 2048, 2048, 2048, 2048, 2048]",77
1275,9841,23,12,2025-11-28T17:55:54.045000+00:00,50.986,37.288,32.931,205.0,262,False,121.205,"[None, 2048, 2048, 2048, 2048, 2048, 2048, 2048, 2048]","[2048, 2048, 2048, 2048, 2048, 2048, 2048]","[2048, 2048, 2048, 2048, 2048, 2048, 2049, 2049]",131
1275,9841,31,12,2025-11-28T17:55:54.311000+00:00,,36.199,33.965,201.0,98,True,174.541,"[2064, 2064, 2048, 2048, 2048, 2048, 2048, 2048, 2048]","[2048, 2048, 2048, 2048, 2048, 2048, 2048]","[2048, 2048, 2048, 2048, 2048, 2048, 2048, 2049]",41
1275,9841,12,10,2025-11-28T17:55:59.706000+00:00,67.093,38.414,35.331,175.0,246,False,140.838,"[None, 2048, 2048, 2048, 2048, 2048, 2048, 2048, 2048]","[2048, 2048, 2048, 2048, 2048, 2048, 2048]","[2048, 2048, 2048, 2048, 2048, 2048, 2048]",52
1275,9841,87,12,2025-11-28T17:56:02.436000+00:00,,32.206,45.63,213.0,264,True,178.201,"[2064, 2064, 2048, 2048, 2048, 2048, 2048, 2048, 2048]","[2048, 2048, 2048, 2048, 2048, 2048, 2048]","[2048, 2048, 2048, 2048, 2048, 2048, 2048, 2048]",43
1275,9841,6,12,2025-11-28T17:56:03.397000+00:00,43.192,37.187,42.036,181.0,242,False,122.415,"[None, 2048, 2048, 2048, 2048, 2048, 2048, 2048, 2048]","[2048, 2048, 2048, 2048, 2048, 2048, 2048]","[2048, 2048, 2048, 2048, 2048, 2048, 2048, 2048]",219
1275,9841,5,11,2025-11-28T17:56:16.992000+00:00,,31.176,34.243,217.0,262,True,207.799,"[2064, 2064, 2048, 2048, 2048, 2048, 2048, 2048, 2048]","[2048, 2048, 2048, 2048, 2048, 2048, 2048]","[2048, 2048, 2048, 2048, 2048, 2048, 2048, 2048]",82
1275,9841,1,13,2025-11-28T17:56:19.804000+00:00,29.746,27.606,23.684,251.0,290,False,81.036,"[2049, 2049, 2049, 2049, 2049, 2049, 2049, 2049, 2048]","[2048, 2048, 2049, 2049, 2048, 2048, 2049]","[2049, 2049, 2051, 2049, 2051, 2048, 2048]",322
1275,9841,16,13,2025-11-28T17:57:09.936000+00:00,29.854,27.53,23.806,257.0,291,False,81.19,"[2048, 2048, 2048, 2049, 2049, 2048, 2049, 2049, 2051]","[2048, 2051, 2049, 2049, 2051, 2049, 2048]","[2048, 2048, 2048, 2049, 2049, 2049, 2048, 2049]",319
1275,9841,22,13,2025-11-28T17:57:15.590000+00:00,29.843,27.578,23.731,252.0,289,False,81.152,"[2048, 2048, 2049, 2051, 2049, 2049, 2049, 2049, 2049]","[2049, 2048, 2048, 2049, 2048, 2049, 2049]","[2049, 2049, 2049, 2049, 2049, 2049, 2049, 2049]",324
1275,9841,14,11,2025-11-28T17:57:20.496000+00:00,29.883,27.588,23.801,251.0,289,False,81.272,"[None, 2049, 2049, 2048, 2049, 2049, 2048, 2049, 2049]","[2049, 2049, 2049, 2049, 2049, 2049, 2049]","[2049, 2049, 2049, 2049, 2049, 2049, 2048, 2048]",326
1275,9841,4,12,2025-11-28T17:57:26.715000+00:00,35.015,36.728,35.401,159.0,237,False,107.144,"[2049, 2049, 2049, 2048, 2049, 2048, 2048, 2048, 2048]","[2048, 2048, 2048, 2048, 2048, 2048, 2048]","[2048, 2048, 2048, 2048, 2048, 2048, 2064, 2064]",325
1275,9841,81,12,2025-11-28T17:57:33.277000+00:00,29.757,27.876,39.473,255.0,211,False,97.106,"[None, 2049, 2049, 2048, 2049, 2049, 2049, 2049, 2048]","[2049, 2049, 2049, 2049, 2049, 2051, 2048]","[2048, 2048, 2048, 2048, 2048, 2048, 2064, 2064]",325
1275,9841,27,13,2025-11-28T17:57:39.340000+00:00,29.853,27.594,24.533,254.0,287,False,81.98,"[2049, 2049, 2049, 2048, 2049, 2049, 2048, 2049, 2049]","[2048, 2048, 2049, 2049, 2049, 2048, 2048]","[2048, 2049, 2049, 2049, 2049, 2048, 2048, 2048]",324
1275,9841,1,14,2025-11-28T17:57:40.684000+00:00,42.677,38.745,36.644,168.0,142,False,118.066,"[2048, 2048, 2048, 2048, 2048, 2048, 2048, 2048, 2048]","[2048, 2048, 2048, 2048, 2048, 2048, 2048]","[2048, 2048, 2048, 2048, 2048, 2048, 2064, 2064]",166
1275,9841,55,13,2025-11-28T17:57:45.184000+00:00,29.755,27.562,23.855,250.0,290,False,81.172,"[2049, 2049, 2049, 2049, 2049, 2049, 2049, 2049, 2049]","[2051, 2048, 2049, 2048, 2049, 2048, 2049]","[2049, 2049, 2049, 2048, 2048, 2048, 2049, 2048]",326
1275,9841,31,13,2025-11-28T17:57:49.668000+00:00,29.984,27.582,24.1,252.0,291,False,81.666,"[2049, 2049, 2049, 2048, 2049, 2049, 2051, 2049, 2049]","[2048, 2048, 2049, 2049, 2049, 2049, 2049]","[2049, 2049, 2048, 2049, 2049, 2049, 2048, 2048]",326
1275,9841,23,13,2025-11-28T17:57:55.293000+00:00,29.87,27.466,23.876,252.0,290,False,81.212,"[2049, 2049, 2049, 2048, 2049, 2051, 2048, 2049, 2049]","[2049, 2049, 2049, 2049, 2049, 2049, 2048]","[2049, 2049, 2049, 2049, 2049, 2049, 2049, 2048]",326
1275,9841,5,12,2025-11-28T17:58:00.762000+00:00,29.933,27.583,24.051,252.0,288,False,81.567,"[2048, 2049, 2049, 2048, 2051, 2049, 2048, 2049, 2049]","[2049, 2049, 2049, 2049, 2049, 2049, 2049]","[2049, 2049, 2049, 2049, 2049, 2049, 2048]",323
1275,9841,6,13,2025-11-28T17:58:05.824000+00:00,29.899,27.392,23.986,248.0,288,False,81.277,"[None, 2048, 2049, 2048, 2049, 2049, 2049, 2049, 2048]","[2049, 2048, 2051, 2049, 2049, 2048, 2049]","[2049, 2048, 2048, 2048, 2051, 2048, 2048, 2048]",324
1275,9841,87,13,2025-11-28T17:58:10.434000+00:00,29.834,27.583,24.077,254.0,290,False,81.494,"[2048, 2049, 2049, 2048, 2049, 2049, 2049, 2049, 2049]","[2049, 2049, 2048, 2049, 2048, 2049, 2049]","[2048, 2048, 2048, 2048, 2048, 2049, 2048]",324
1275,9841,63,12,2025-11-28T17:58:14.590000+00:00,29.818,27.55,23.768,255.0,293,False,81.136,"[None, 2049, 2049, 2048, 2048, 2049, 2048, 2049, 2049]","[2049, 2048, 2049, 2051, 2048, 2049, 2049]","[2049, 2048, 2049, 2048, 2048, 2051, 2051]",328
1275,9841,12,11,2025-11-28T17:58:20.699000+00:00,29.882,27.554,23.94,253.0,293,False,81.376,"[None, 2051, 2051, 2048, 2048, 2048, 2048, 2048, 2049]","[2049, 2048, 2048, 2048, 2049, 2048, 2048]","[2048, 2048, 2049, 2048, 2049, 2048, 2049, 2048]",328
1275,9841,16,14,2025-11-28T17:58:31.137000+00:00,38.041,36.923,40.723,177.0,208,False,115.687,"[None, 2048, 2048, 2048, 2048, 2048, 2048, 2048, 2048]","[2048, 2048, 2048, 2048, 2048, 2048, 2048]","[2048, 2048, 2048, 2048, 2048, 2048, 2064, 2064]",310
1275,9841,22,14,2025-11-28T17:58:36.684000+00:00,38.682,34.123,39.776,199.0,228,False,112.581,"[None, 2048, 2048, 2048, 2048, 2048, 2048, 2048, 2048]","[2048, 2048, 2048, 2048, 2048, 2048, 2048]","[2048, 2048, 2048, 2048, 2048, 2048, 2064, 2064]",226
1275,9841,14,12,2025-11-28T17:58:41.731000+00:00,41.708,34.807,42.114,194.0,228,False,118.629,"[2048, 2048, 2048, 2048, 2048, 2048, 2048, 2048, 2048]","[2048, 2048, 2048, 2048, 2048, 2048, 2048]","[2048, 2048, 2048, 2048, 2048, 2048, 2064, 2064]",169
1275,9841,27,14,2025-11-28T17:59:01.230000+00:00,43.414,34.385,38.194,217.0,222,False,115.993,"[2048, 2048, 2048, 2048, 2048, 2048, 2048, 2048, 2048]","[2048, 2048, 2048, 2048, 2048, 2048, 2048]","[2048, 2048, 2048, 2048, 2048, 2048, 2064, 2064]",202
1275,9841,55,14,2025-11-28T17:59:06.340000+00:00,44.238,33.243,35.292,197.0,218,False,112.773,"[2048, 2048, 2048, 2048, 2048, 2048, 2048, 2048, 2048]","[2048, 2048, 2048, 2048, 2048, 2048, 2048]","[2048, 2048, 2048, 2048, 2048, 2048, 2064, 2064]",90
1275,9841,31,14,2025-11-28T17:59:11.246000+00:00,41.117,34.15,39.467,202.0,216,False,114.734,"[2048, 2048, 2048, 2048, 2048, 2048, 2048, 2048, 2048]","[2048, 2048, 2048, 2048, 2048, 2048, 2048]","[2048, 2048, 2048, 2048, 2048, 2048, 2064, 2064]",149
1275,9841,23,14,2025-11-28T17:59:16.417000+00:00,45.647,35.15,37.269,182.0,257,False,118.066,"[2048, 2048, 2048, 2048, 2048, 2048, 2048, 2048, 2048]","[2048, 2048, 2048, 2048, 2048, 2048, 2048]","[2048, 2048, 2048, 2048, 2048, 2048, 2064, 2064]",92
1275,9841,5,13,2025-11-28T17:59:22.292000+00:00,47.754,30.925,39.697,200.0,224,False,118.376,"[None, 2048, 2048, 2048, 2048, 2048, 2048, 2048, 2048]","[2048, 2048, 2048, 2048, 2048, 2048, 2048]","[2048, 2048, 2048, 2048, 2048, 2048, 2064, 2064]",162
1275,9841,6,14,2025-11-28T17:59:27.089000+00:00,46.299,34.136,53.276,203.0,227,False,133.711,"[None, 2048, 2048, 2048, 2048, 2048, 2048, 2048, 2048]","[2048, 2048, 2048, 2048, 2048, 2048, 2048]","[2048, 2048, 2048, 2048, 2048, 2048, 2064, 2064]",142
1275,9841,87,14,2025-11-28T17:59:31.792000+00:00,44.045,31.938,40.765,221.0,260,False,116.748,"[None, 2048, 2048, 2048, 2048, 2048, 2048, 2048, 2048]","[2048, 2048, 2048, 2048, 2048, 2048, 2048]","[2048, 2048, 2048, 2048, 2048, 2048, 2064, 2064]",158
1275,9841,63,13,2025-11-28T17:59:35.636000+00:00,43.615,33.998,38.675,210.0,259,False,116.288,"[None, 2048, 2048, 2048, 2048, 2048, 2048, 2048, 2048]","[2048, 2048, 2048, 2048, 2048, 2048, 2048]","[2048, 2048, 2048, 2048, 2048, 2048, 2064, 2064]",173
1275,9841,12,12,2025-11-28T17:59:42.042000+00:00,46.658,36.923,32.247,165.0,260,False,115.828,"[None, 2048, 2048, 2048, 2048, 2048, 2048, 2048, 2048]","[2048, 2048, 2048, 2048, 2048, 2048, 2048]","[2048, 2048, 2048, 2048, 2048, 2048, 2064, 2064]",163
1275,9841,12,13,2025-11-28T18:06:02.798000+00:00,,30.334,26.075,232.0,268,True,355.445,"[2064, 2064, 2049, 2049, 2049, 2049, 2049, 2049, 2049]","[2049, 2049, 2049, 2049, 2049, 2049, 2049]","[2049, 2049, 2049, 2049, 2051, 2051, 2051, 2051]",132
1275,9841,63,14,2025-11-28T18:06:08.579000+00:00,,29.216,26.306,238.0,269,True,367.481,"[2064, 2064, 2049, 2049, 2051, 2049, 2049, 2051, 2051]","[2051, 2051, 2051, 2049, 2049, 2051, 2049]","[2049, 2049, 2051, 2051, 2049, 2049, 2051, 2051]",88
1275,9841,1,15,2025-11-28T18:06:21.360000+00:00,,31.147,26.075,236.0,265,True,493.139,"[2064, 2064, 2049, 2049, 2049, 2049, 2049, 2049, 2049]","[2049, 2049, 2049, 2049, 2049, 2049, 2049]","[2049, 2049, 2049, 2049, 2051, 2051, 2049, 2049]",129
1275,9841,22,15,2025-11-28T18:06:28.970000+00:00,,29.285,25.956,233.0,266,True,448.784,"[2064, 2064, 2049, 2049, 2049, 2049, 2049, 2049, 2049]","[2049, 2049, 2049, 2051, 2051, 2049, 2049]","[2049, 2049, 2051, 2051, 2049, 2049, 2051, 2051]",123
1275,9841,55,15,2025-11-28T18:06:36.829000+00:00,,32.018,25.318,223.0,275,True,428.203,"[2064, 2064, 2049, 2049, 2049, 2049, 2049, 2049, 2049]","[2049, 2049, 2049, 2049, 2049, 2049, 2051]","[2051, 2051, 2049, 2049, 2049, 2049, 2051]",137
1275,9841,14,13,2025-11-28T18:06:45.985000+00:00,,29.727,25.742,227.0,264,True,454.543,"[2064, 2064, 2049, 2049, 2049, 2049, 2049, 2049, 2049]","[2049, 2049, 2049, 2049, 2049, 2049, 2049]","[2049, 2049, 2049, 2049, 2049, 2049, 2049]",119
1275,9841,16,15,2025-11-28T18:06:51.767000+00:00,,31.345,26.371,220.0,265,True,481.652,"[2064, 2064, 2049, 2049, 2049, 2049, 2049, 2049, 2049]","[2049, 2049, 2049, 2049, 2049, 2049, 2049]","[2049, 2049, 2049, 2049, 2049, 2049, 2049, 2049]",77
1275,9841,81,13,2025-11-28T18:06:57.579000+00:00,,30.636,26.806,224.0,277,True,566.037,"[2064, 2064, 2049, 2049, 2049, 2049, 2049, 2049, 2049]","[2049, 2049, 2049, 2049, 2049, 2049, 2049]","[2049, 2049, 2049, 2049, 2049, 2049, 2049, 2049]",58
1275,9841,23,15,2025-11-28T18:07:12.908000+00:00,,30.515,26.337,218.0,277,True,451.947,"[2064, 2064, 2049, 2049, 2049, 2049, 2049, 2049, 2049]","[2049, 2049, 2049, 2049, 2049, 2049, 2049]","[2049, 2049, 2049, 2049, 2049, 2049, 2049, 2049]",77
1275,9841,4,13,2025-11-28T18:07:22.176000+00:00,,33.779,27.838,223.0,270,True,587.438,"[2064, 2064, 2049, 2049, 2049, 2049, 2049, 2049, 2049]","[2049, 2049, 2049, 2049, 2049, 2049, 2049]","[2049, 2049, 2049, 2049, 2049, 2049, 2049, 2049]",92
1275,9841,12,14,2025-11-28T18:07:33.239000+00:00,29.768,27.344,23.791,253.0,293,False,80.903,"[2049, 2049, 2049, 2049, 2049, 2049, 2049, 2049, 2049]","[2049, 2051, 2049, 2049, 2049, 2051, 2051]","[2051, 2049, 2049, 2049, 2049, 2051, 2051, 2051]",322
1275,9841,63,15,2025-11-28T18:07:39.439000+00:00,29.546,27.366,23.616,256.0,293,False,80.528,"[2049, 2051, 2051, 2049, 2049, 2051, 2051, 2051, 2051]","[2049, 2049, 2051, 2051, 2049, 2049, 2049]","[2049, 2051, 2051, 2051, 2051, 2049, 2051, 2051]",325
1275,9841,1,16,2025-11-28T18:07:51.968000+00:00,33.879,39.243,33.583,,229,False,106.705,"[2049, 2049, 2049, 2049, 2049, 2049, 2049, 0, 0]","[2048, 2048, 2048, 2048, 2048, 2048, 2048]","[2048, 2048, 2048, 2048, 2048, 2048, 2048, 2048]",323
1275,9841,22,16,2025-11-28T18:07:58.117000+00:00,29.725,27.837,24.549,250.0,289,False,82.111,"[2049, 2049, 2049, 2049, 2049, 2049, 2049, 2049, 2049]","[2049, 2049, 2049, 2049, 2049, 2049, 2049]","[2049, 2049, 2049, 2049, 2049, 2048, 2048, 2048]",324
1275,9841,55,16,2025-11-28T18:08:07.289000+00:00,29.725,27.428,23.659,249.0,290,False,80.812,"[2049, 2049, 2049, 2049, 2049, 2049, 2049, 2049, 2049]","[2051, 2049, 2049, 2049, 2049, 2049, 2049]","[2049, 2049, 2051, 2051, 2049, 2049, 2048, 2048]",323
1275,9841,14,14,2025-11-28T18:08:14.757000+00:00,29.709,27.439,23.716,251.0,288,False,80.864,"[2049, 2049, 2049, 2049, 2049, 2049, 2049, 2049, 2049]","[2049, 2049, 2049, 2049, 2049, 2049, 2049]","[2049, 2049, 2049, 2049, 2049, 2049, 2048]",324
1275,9841,16,16,2025-11-28T18:08:28.476000+00:00,29.768,27.2,23.654,256.0,291,False,80.622,"[2049, 2049, 2049, 2049, 2049, 2049, 2049, 2049, 2049]","[2049, 2051, 2049, 2051, 2051, 2049, 2049]","[2049, 2049, 2049, 2049, 2051, 2049, 2049, 2049]",321
1275,9841,81,14,2025-11-28T18:08:36.398000+00:00,29.535,27.197,23.509,257.0,291,False,80.241,"[2049, 2049, 2049, 2049, 2051, 2049, 2049, 2049, 2049]","[2049, 2049, 2051, 2049, 2049, 2051, 2049]","[2049, 2051, 2051, 2051, 2051, 2051, 2049, 2049]",324
1275,9841,23,16,2025-11-28T18:08:46.414000+00:00,29.731,27.341,23.716,252.0,290,False,80.788,"[2049, 2049, 2049, 2049, 2049, 2051, 2049, 2049, 2049]","[2049, 2049, 2049, 2049, 2049, 2049, 2049]","[2049, 2049, 2049, 2049, 2049, 2049, 2049, 2048]",323
1275,9841,12,15,2025-11-28T18:08:54.164000+00:00,64.527,35.634,38.362,198.0,238,False,138.523,"[2048, 2048, 2048, 2048, 2048, 2048, 2048, 2048, 2048]","[2048, 2048, 2048, 2048, 2048, 2048, 2048]","[2048, 2048, 2048, 2048, 2048, 2048, 2064, 2064]",36
1275,9841,63,16,2025-11-28T18:09:00.154000+00:00,60.153,35.792,40.856,202.0,220,False,136.801,"[2048, 2048, 2048, 2048, 2048, 2048, 2048, 2048, 2048]","[2048, 2048, 2048, 2048, 2048, 2048, 2048]","[2048, 2048, 2048, 2048, 2048, 2048, 2064, 2064]",56
1275,9841,4,14,2025-11-28T18:09:01.277000+00:00,29.452,27.337,23.496,256.0,290,False,80.285,"[2051, 2049, 2049, 2051, 2049, 2049, 2049, 2051, 2049]","[2049, 2049, 2049, 2049, 2049, 2049, 2049]","[2049, 2051, 2051, 2051, 2051, 2049, 2048, 2048]",323
1275,9841,22,17,2025-11-28T18:09:20.239000+00:00,56.925,35.169,33.831,167.0,205,False,125.925,"[2048, 2048, 2048, 2048, 2048, 2048, 2048, 2048, 2048]","[2048, 2048, 2048, 2048, 2048, 2048, 2048]","[2048, 2048, 2048, 2048, 2048, 2048, 2048, 2048]",106
1275,9841,55,17,2025-11-28T18:09:28.043000+00:00,55.722,37.919,32.872,183.0,194,False,126.513,"[2048, 2048, 2048, 2048, 2048, 2048, 2048, 2048, 2048]","[2048, 2048, 2048, 2048, 2048, 2048, 2048]","[2048, 2048, 2048, 2048, 2048, 2048, 2048, 2048]",66
1275,9841,14,15,2025-11-28T18:09:35.615000+00:00,46.4,34.897,35.852,209.0,258,False,117.149,"[2048, 2048, 2048, 2048, 2048, 2048, 2048, 2048, 2048]","[2048, 2048, 2048, 2048, 2048, 2048, 2048]","[2048, 2048, 2048, 2048, 2048, 2048, 2048, 2048]",140
1275,9841,1,17,2025-11-28T18:09:38.658000+00:00,40.423,33.021,32.288,186.0,243,False,105.732,"[2048, 2048, 2048, 2048, 2048, 2048, 2048, 2048, 2048]","[2048, 2048, 2049, 2048, 2048, 2048, 2048]","[2048, 2048, 2048, 2048, 2048, 2048, 2048, 2048]",198
1275,9841,16,17,2025-11-28T18:09:49.079000+00:00,44.112,36.121,35.393,184.0,222,False,115.626,"[2048, 2048, 2048, 2048, 2048, 2048, 2048, 2048, 2048]","[2048, 2048, 2048, 2048, 2048, 2048, 2048]","[2048, 2048, 2048, 2048, 2048, 2048, 2048, 2048]",140
1275,9841,81,15,2025-11-28T18:09:56.625000+00:00,44.859,33.319,33.235,198.0,230,False,111.413,"[2048, 2048, 2048, 2048, 2048, 2048, 2048, 2048, 2048]","[2048, 2048, 2048, 2048, 2048, 2048, 2048]","[2048, 2048, 2048, 2048, 2048, 2048, 2048, 2048]",96
1275,9841,23,17,2025-11-28T18:10:07.277000+00:00,44.804,35.193,31.043,202.0,254,False,111.04,"[2048, 2048, 2048, 2048, 2048, 2048, 2048, 2048, 2048]","[2048, 2048, 2048, 2048, 2048, 2048, 2048]","[2048, 2048, 2048, 2048, 2048, 2048, 2048, 2048]",129
1275,9841,4,15,2025-11-28T18:10:21.392000+00:00,42.263,34.195,29.794,187.0,256,False,106.252,"[2048, 2048, 2048, 2048, 2048, 2048, 2048, 2048, 2048]","[2048, 2048, 2048, 2048, 2048, 2048, 2048]","[2048, 2048, 2048, 2048, 2048, 2048, 2048, 2048]",146
1275,9841,1,18,2025-11-28T18:11:24.336000+00:00,41.616,33.478,27.517,206.0,220,False,102.611,"[None, 2048, 2048, 2048, 2048, 2048, 2048, 2048, 2048]","[2048, 2048, 2048, 2048, 2048, 2048, 2048]","[2048, 2048, 2048, 2048, 2048, 2048, 2049, 2049]",239
1275,9841,22,18,2025-11-28T18:11:26.117000+00:00,44.169,36.381,29.849,168.0,223,False,110.399,"[None, 2048, 2048, 2048, 2048, 2048, 2048, 2048, 2048]","[2048, 2048, 2048, 2048, 2048, 2048, 2048]","[2048, 2048, 2048, 2048, 2048, 2048, 2048, 2048]",180
1275,9841,12,16,2025-11-28T18:11:31.171000+00:00,64.481,35.279,29.699,189.0,264,True,129.459,"[2064, 2064, 2048, 2048, 2048, 2048, 2048, 2048, 2048]","[2048, 2048, 2048, 2048, 2048, 2048, 2048]","[2048, 2048, 2048, 2048, 2048, 2048, 2048, 2048]",99
1275,9841,14,16,2025-11-28T18:11:32.855000+00:00,47.186,34.49,32.911,214.0,78,False,114.587,"[None, 2048, 2048, 2048, 2048, 2048, 2048, 2048, 2048]","[2048, 2048, 2048, 2048, 2048, 2048, 2048]","[2048, 2048, 2048, 2048, 2048, 2048, 2049, 2049]",129
1275,9841,55,18,2025-11-28T18:11:34.564000+00:00,57.467,36.385,27.616,195.0,225,False,121.468,"[None, 2048, 2048, 2048, 2048, 2048, 2048, 2048, 2048]","[2048, 2048, 2048, 2048, 2048, 2048, 2048]","[2048, 2048, 2048, 2048, 2048, 2048, 2048, 2048]",139
1275,9841,16,18,2025-11-28T18:11:44.752000+00:00,51.616,33.856,30.928,177.0,262,False,116.4,"[None, 2048, 2048, 2048, 2048, 2048, 2048, 2048, 2048]","[2048, 2048, 2048, 2048, 2048, 2048, 2048]","[2048, 2048, 2048, 2048, 2048, 2048, 2048, 2048]",92
1275,9841,81,16,2025-11-28T18:11:48.111000+00:00,49.043,33.885,41.238,222.0,267,False,124.166,"[None, 2048, 2048, 2048, 2048, 2048, 2048, 2048, 2048]","[2048, 2048, 2048, 2048, 2048, 2048, 2048]","[2048, 2048, 2048, 2048, 2048, 2048, 2048, 2048]",122
1275,9841,63,17,2025-11-28T18:11:56.830000+00:00,83.644,31.502,33.403,212.0,271,True,148.549,"[2064, 2064, 2048, 2048, 2048, 2048, 2048, 2048, 2048]","[2048, 2048, 2048, 2048, 2048, 2048, 2048]","[2048, 2048, 2048, 2048, 2048, 2048, 2048, 2048]",92
1275,9841,23,18,2025-11-28T18:11:58.236000+00:00,47.458,33.045,36.221,204.0,235,False,116.724,"[None, 2048, 2048, 2048, 2048, 2048, 2048, 2048, 2048]","[2048, 2048, 2048, 2048, 2048, 2048, 2048]","[2048, 2048, 2048, 2048, 2048, 2048, 2048, 2048]",192
1275,9841,4,16,2025-11-28T18:12:07.799000+00:00,36.423,33.702,39.153,183.0,267,False,109.278,"[None, 2048, 2048, 2048, 2048, 2048, 2048, 2048, 2048]","[2048, 2048, 2048, 2048, 2048, 2048, 2048]","[2048, 2048, 2048, 2048, 2048, 2048, 2048, 2048]",262
1275,9841,1,19,2025-11-28T18:13:07.033000+00:00,29.669,27.292,23.567,255.0,290,False,80.528,"[2049, 2048, 2048, 2048, 2049, 2049, 2048, 2049, 2049]","[2049, 2049, 2049, 2049, 2049, 2049, 2049]","[2049, 2049, 2049, 2049, 2049, 2049, 2048, 2048]",322
1275,9841,22,19,2025-11-28T18:13:16.565000+00:00,29.622,27.231,23.666,254.0,290,False,80.519,"[None, 2048, 2048, 2051, 2049, 2048, 2048, 2049, 2049]","[2049, 2049, 2049, 2049, 2051, 2049, 2049]","[2049, 2049, 2049, 2049, 2049, 2051, 2048]",322
1275,9841,12,17,2025-11-28T18:13:22.111000+00:00,29.551,27.256,23.725,254.0,293,False,80.532,"[2049, 2049, 2049, 2048, 2049, 2049, 2049, 2049, 2049]","[2049, 2049, 2049, 2049, 2048, 2048, 2048]","[2048, 2049, 2049, 2049, 2049, 2048, 2048, 2048]",326
1275,9841,14,17,2025-11-28T18:13:27.487000+00:00,29.526,27.319,23.605,253.0,290,False,80.45,"[2049, 2049, 2049, 2049, 2049, 2049, 2049, 2049, 2049]","[2049, 2049, 2048, 2048, 2049, 2049, 2049]","[2049, 2049, 2049, 2049, 2049, 2049, 2048, 2048]",325
1275,9841,55,19,2025-11-28T18:13:36.132000+00:00,29.684,27.249,23.609,249.0,290,False,80.542,"[None, 2048, 2049, 2049, 2048, 2049, 2048, 2048, 2048]","[2049, 2049, 2049, 2049, 2049, 2048, 2049]","[2049, 2049, 2048, 2049, 2049, 2049, 2048, 2048]",323
1275,9841,16,19,2025-11-28T18:13:41.158000+00:00,29.637,27.396,23.659,258.0,291,False,80.692,"[2049, 2049, 2049, 2049, 2048, 2048, 2048, 2049, 2051]","[2048, 2048, 2048, 2048, 2049, 2048, 2049]","[2049, 2049, 2048, 2049, 2049, 2049, 2048, 2048]",324
1275,9841,63,18,2025-11-28T18:13:45.815000+00:00,29.403,27.141,23.543,256.0,292,False,80.087,"[2048, 2051, 2049, 2049, 2049, 2049, 2049, 2048, 2049]","[2049, 2049, 2051, 2051, 2049, 2049, 2048]","[2048, 2049, 2049, 2049, 2048, 2051, 2051, 2050]",327
1275,9841,81,17,2025-11-28T18:13:52.227000+00:00,29.558,27.074,23.423,256.0,291,False,80.055,"[None, 2049, 2049, 2049, 2048, 2049, 2049, 2048, 2048]","[2051, 2048, 2049, 2048, 2049, 2051, 2049]","[2049, 2049, 2049, 2049, 2051, 2049, 2048, 2048]",325
1275,9841,23,19,2025-11-28T18:13:55.064000+00:00,29.733,27.324,23.756,253.0,291,False,80.813,"[None, 2049, 2049, 2049, 2048, 2049, 2048, 2048, 2049]","[2049, 2048, 2049, 2048, 2049, 2049, 2049]","[2049, 2048, 2049, 2048, 2048, 2049, 2048, 2048]",326
1275,9841,4,17,2025-11-28T18:13:57.115000+00:00,29.529,27.395,23.802,255.0,292,False,80.726,"[None, 2049, 2051, 2048, 2048, 2051, 2051, 2048, 2048]","[2048, 2049, 2048, 2049, 2048, 2049, 2049]","[2051, 2051, 2051, 2048, 2048, 2048, 2048, 2048]",328
1275,9841,1,20,2025-11-28T18:14:27.438000+00:00,45.262,33.688,,185.0,245,False,,"[2048, 2048, 2048, 2048, 2048, 2048, 2048, 2048, 2048]","[2048, 2048, 2048, 2048, 2048, 2048, 2048]",[2048],130
1275,9841,22,20,2025-11-28T18:14:36.970000+00:00,41.671,34.834,,182.0,225,False,,"[None, 2048, 2048, 2048, 2048, 2048, 2048, 2048, 2048]","[2048, 2048, 2048, 2048, 2048, 2048, 2048]",[2048],195
1275,9841,12,18,2025-11-28T18:14:42.626000+00:00,42.461,32.778,,192.0,235,False,,"[2048, 2048, 2048, 2048, 2048, 2048, 2048, 2048, 2048]","[2048, 2048, 2048, 2048, 2048, 2048, 2048]",[2048],164
1275,9841,14,18,2025-11-28T18:14:47.845000+00:00,43.393,34.536,,149.0,206,False,,"[2048, 2048, 2048, 2048, 2048, 2048, 2048, 2048, 2048]","[2048, 2048, 2048, 2048, 2048, 2048, 2048]",[2048],155
1275,9841,55,20,2025-11-28T18:14:56.548000+00:00,40.183,33.43,,190.0,242,False,,"[None, 2048, 2048, 2048, 2048, 2048, 2048, 2048, 2048]","[2048, 2048, 2048, 2048, 2048, 2048, 2048]",[2048],246
1275,9841,16,20,2025-11-28T18:15:01.907000+00:00,41.304,35.309,,174.0,204,False,,"[2048, 2048, 2048, 2048, 2048, 2048, 2048, 2048, 2048]","[2048, 2048, 2048, 2048, 2048, 2048, 2048]",[2048],201
1275,9841,63,19,2025-11-28T18:15:05.610000+00:00,42.988,35.548,41.355,212.0,197,False,119.891,"[None, 2048, 2048, 2048, 2048, 2048, 2048, 2048, 2048]","[2048, 2048, 2048, 2048, 2048, 2048, 2048]","[2048, 2048, 2048, 2048, 2048, 2048, 2064, 2064]",167
1275,9841,81,18,2025-11-28T18:15:12.407000+00:00,43.459,33.137,40.987,193.0,246,False,117.583,"[None, 2048, 2048, 2048, 2048, 2048, 2048, 2048, 2048]","[2048, 2048, 2048, 2048, 2048, 2048, 2048]","[2048, 2048, 2048, 2048, 2048, 2048, 2064, 2064]",162
1275,9841,23,20,2025-11-28T18:15:16.376000+00:00,46.839,33.358,,192.0,239,False,,"[None, 2048, 2048, 2048, 2048, 2048, 2048, 2048, 2048]","[2048, 2048, 2048, 2048, 2048, 2048, 2048]",[2048],97
1275,9841,4,18,2025-11-28T18:15:17.814000+00:00,42.724,33.336,38.973,192.0,254,False,115.033,"[None, 2048, 2048, 2048, 2048, 2048, 2048, 2048, 2048]","[2048, 2048, 2048, 2048, 2048, 2048, 2048]","[2048, 2048, 2048, 2048, 2048, 2048, 2064, 2064]",164
